Species,Location,LA,Data.contributor,Family,Growth form,Leaf habit,Biomes,Garden,MAT,MAP,LT,LTdisc,LMAdisc,LDMCdisc,LDdisc,LMAleaf,LDMCleaf,LDleaf
Castanopsis wattii,Ailao_canopy,21.136333333333333,Li Peifu,Fagaceae,Trees,E,STF,NO,11.7,1728,0.258583333,NA,146.8152866,0.500481618,0.567767786,119.0193586,0.460778057,0.460274671
Magnolia floribunda,Ailao_canopy,36.74783333333333,Li Peifu,Magnoliaceae,Trees,E,STF,NO,11.7,1728,0.255611111,NA,146.4968153,0.454145065,0.573123816,142.9056934,0.418049091,0.559074654
Symplocos ramosissima,Ailao_canopy,36.804,Li Peifu,Symplocaceae,Trees,E,STF,NO,11.7,1728,0.213444445,NA,117.9759377,0.438225987,0.552724329,109.2527049,0.384731885,0.511855461
Elaeocarpus japonicus,Ailao_canopy,24.064833333333333,Li Peifu,Elaeocarpaceae,Trees,E,STF,NO,11.7,1728,0.260611111,NA,155.3432413,0.46826714,0.596072979,148.281137,0.43021836,0.568974732
Lithocarpus xylocarpus,Ailao_canopy,30.537333333333333,Li Peifu,Fagaceae,Trees,E,STF,NO,11.7,1728,0.271944445,NA,185.9872612,0.543173156,0.683916383,143.0237063,0.482037483,0.525929869
Schima noronhae,Ailao_canopy,45.2485,Li Peifu,Theaceae,Trees,E,STF,NO,11.7,1728,0.253,NA,153.6447275,0.426664218,0.607291413,139.2928714,0.437019035,0.550564709
Machilus yunnanensis,Ailao_canopy,24.787166666666668,Li Peifu,Lauraceae,Trees,E,STF,NO,11.7,1728,0.2315,NA,153.0785563,0.550250143,0.661246463,154.1236117,0.498827995,0.665760742
Manglietia insignis,Ailao_canopy,53.03966666666667,Li Peifu,Magnoliaceae,Trees,E,STF,NO,11.7,1728,0.326388889,NA,137.3673036,0.390162734,0.420870036,135.8599256,0.342590963,0.416251687
Hartia sinensis,Ailao_canopy,15.352333333333332,Li Peifu,Theaceae,Trees,E,STF,NO,11.7,1728,0.370722222,NA,206.227884,0.47551896,0.556286815,227.8454124,0.405051638,0.614598745
Cyclobalanopsis stewardiana,Ailao_canopy,25.020833333333332,Li Peifu,Fagaceae,Trees,E,STF,NO,11.7,1728,0.2165,NA,162.7034678,0.568044653,0.751517172,145.2541511,0.508645616,0.670919867
Illicium burmanicum,Ailao_understory,46.10016666666667,Li Peifu,Schisandraceae,Trees,E,STF,NO,11.7,1728,0.182166667,NA,72.96532201,0.352253591,0.400541566,106.2960971,0.301799274,0.583510139
Clethra delavayi,Ailao_understory,42.9515,Li Peifu,Clethraceae,Trees,D,STF,NO,11.7,1728,0.190888889,NA,61.64,0.31,0.322910361,124.1771848,0.328406214,0.650520758
Vaccinium duclouxii,Ailao_understory,18.748166666666666,Li Peifu,Ericaceae,Trees,E,STF,NO,11.7,1728,0.320388889,NA,137.438075,0.421351041,0.428972663,228.0929114,0.42977622,0.711925161
Symplocos poilanei,Ailao_understory,42.08166666666666,Li Peifu,Symplocaceae,Trees,E,STF,NO,11.7,1728,0.265444445,NA,86.97806087,0.363414445,0.327669546,91.90308629,0.296944996,0.34622343
Styrax perkinsiae,Ailao_understory,32.985,Li Peifu,Styracaceae,Trees,D,STF,NO,11.7,1728,0.304611111,NA,104.8124558,0.438617465,0.344086122,88.92673397,0.351407822,0.291935293
Eriobotrya bengalensis,Ailao_understory,38.9455,Li Peifu,Rosaceae,Trees,E,STF,NO,11.7,1728,0.239944445,NA,99.2922859,0.475529322,0.413813647,164.5042941,0.409168538,0.685593259
Ternstroemia gymnanthera,Ailao_understory,14.382833333333334,Li Peifu,Pentaphylacaceae,Trees,E,STF,NO,11.7,1728,0.399666667,NA,138.7827318,0.406331845,0.347246201,154.5262281,0.415066575,0.386637768
Castanopsis wattii,Ailao_understory,29.491833333333332,Li Peifu,Fagaceae,Trees,E,STF,NO,11.7,1728,0.171055556,NA,93.41825903,0.515421783,0.546128177,106.8225433,0.444037592,0.624490346
Gamblea ciliata var. evodiifolia,Ailao_understory,39.89516666666667,Li Peifu,Araliaceae,Trees,D,STF,NO,11.7,1728,0.157777778,NA,50.31847134,0.323457015,0.318919888,37.2389185,0.216923215,0.236021314
Ilex szechwanensis,Ailao_understory,25.135166666666667,Li Peifu,Aquifoliaceae,Trees,E,STF,NO,11.7,1728,0.271333333,NA,158.1740977,0.630780135,0.582951221,96.16129354,0.363285211,0.354402802
Rubus paniculatus,Ailao_understory,40.120333333333335,Li Peifu,Rosaceae,Lias,D,STF,NO,11.7,1728,0.252222222,NA,86.69497523,0.411190455,0.343724572,113.0317992,0.422497081,0.448143698
Neolitsea polycarpa,Ailao_understory,27.094,Li Peifu,Lauraceae,Trees,E,STF,NO,11.7,1728,0.171833333,NA,97.59377211,0.514549268,0.567955998,79.91561931,0.355083433,0.46507635
Ilex polyneura,Ailao_understory,26.851666666666667,Li Peifu,Aquifoliaceae,Trees,D,STF,NO,11.7,1728,0.213777778,NA,98.65534323,0.433524945,0.461485493,90.54056907,0.402354412,0.42352657
Symplocos ramosissima,Ailao_understory,19.133166666666668,Li Peifu,Symplocaceae,Trees,E,STF,NO,11.7,1728,0.209722222,NA,82.37791932,0.363811732,0.392795377,115.7173361,0.407450988,0.551764782
Rhododendron decorum,Ailao_understory,54.89083333333333,Li Peifu,Ericaceae,Trees,E,STF,NO,11.7,1728,0.273666667,NA,90.37508846,0.385033437,0.330237838,135.977976,0.375485535,0.496874455
Laurocerasus undulata,Ailao_understory,27.041666666666668,Li Peifu,Rosaceae,Trees,E,STF,NO,11.7,1728,0.151833333,NA,58.17409766,0.403926856,0.383144442,69.20731192,0.384687295,0.455811056
Symplocos sumuntia,Ailao_understory,20.245,Li Peifu,Symplocaceae,Trees,E,STF,NO,11.7,1728,0.285611111,NA,85.13800425,0.317620717,0.298090659,109.864302,0.298922956,0.384663964
Meliosma kirkii,Ailao_understory,21.804000000000002,Li Peifu,Sabiaceae,Trees,D,STF,NO,11.7,1728,0.226833333,NA,65.74663836,0.293155523,0.289845577,77.69837313,0.222304115,0.342535077
Litsea cubeba,Ailao_understory,19.127,Li Peifu,Lauraceae,Trees,D,STF,NO,11.7,1728,0.246722222,NA,71.1252654,0.338708404,0.288280743,69.23054877,0.311379444,0.280601189
Ilex gintungensis,Ailao_understory,40.45133333333333,Li Peifu,Aquifoliaceae,Trees,E,STF,NO,11.7,1728,0.29,NA,118.97,0.42,0.410241379,135.3189607,0.39455038,0.466617106
Lithocarpus xylocarpus,Ailao_understory,29.9705,Li Peifu,Fagaceae,Trees,E,STF,NO,11.7,1728,0.172055556,NA,90.16277424,0.500207349,0.524032913,98.58133075,0.407413885,0.572962205
Machilus salicina,Ailao_understory,34.31666666666666,Li Peifu,Lauraceae,Trees,E,STF,NO,11.7,1728,0.1835,NA,108.2802548,0.49206245,0.590083132,83.72127967,0.349819923,0.456246756
Viburnum cylindricum,Ailao_understory,55.214,Li Peifu,Adoxaceae,Trees,E,STF,NO,11.7,1728,0.2815,NA,82.73177636,0.340846803,0.293896186,102.8481947,0.332964567,0.365357708
Tetracentron sinense,Ailao_understory,64.5905,Li Peifu,Trochodendraceae,Trees,D,STF,NO,11.7,1728,0.224111111,NA,59.02335456,0.337260422,0.263366481,57.16758483,0.322354817,0.255085902
Schima noronhae,Ailao_understory,49.786,Li Peifu,Theaceae,Trees,E,STF,NO,11.7,1728,0.179722222,NA,79.05166313,0.41936734,0.439854695,100.2620757,0.368265698,0.557872447
Machilus yunnanensis,Ailao_understory,27.1355,Li Peifu,Lauraceae,Trees,E,STF,NO,11.7,1728,0.160333334,NA,91.57820241,0.464534949,0.571173817,111.1887803,0.433186944,0.693485113
Ilex corallina,Ailao_understory,7.894833333333334,Li Peifu,Aquifoliaceae,Trees,E,STF,NO,11.7,1728,0.285555556,NA,113.6588818,0.412747858,0.398027212,119.3594485,0.370551104,0.417990286
Lyonia ovalifolia,Ailao_understory,45.486000000000004,Li Peifu,Ericaceae,Trees,D,STF,NO,11.7,1728,0.091666667,NA,52.58315641,0.452898261,0.573634431,81.6002187,0.398454476,0.890184201
Lithocarpus hancei,Ailao_understory,42.704166666666666,Li Peifu,Fagaceae,Trees,E,STF,NO,11.7,1728,0.328111111,NA,97.87685775,0.310929574,0.298304003,134.7216744,0.428070338,0.410597721
Actinidia chinensis,Ailao_understory,44.18366666666667,Li Peifu,Actinidiaceae,Lias,D,STF,NO,11.7,1728,0.154722222,NA,93.34748762,0.55441775,0.603323081,84.71975552,0.285034728,0.54756036
Rubus wallichianus,Ailao_understory,62.305,Li Peifu,Rosaceae,Lias,E,STF,NO,11.7,1728,0.172166667,NA,61.28803963,0.397130161,0.355980868,79.05448475,0.415257905,0.45917416
Manglietia insignis,Ailao_understory,59.785666666666664,Li Peifu,Magnoliaceae,Trees,E,STF,NO,11.7,1728,0.285277778,NA,84.99646143,0.323990965,0.297942805,119.067561,0.320613677,0.417374118
Hartia sinensis,Ailao_understory,24.289166666666667,Li Peifu,Theaceae,Trees,E,STF,NO,11.7,1728,0.345277778,NA,150.6723284,0.417790641,0.43638003400000003,178.2017366,0.356628193,0.516111224
Camellia forrestii,Ailao_understory,7.253,Li Peifu,Theaceae,Trees,E,STF,NO,11.7,1728,0.262388889,NA,114.5081387,0.420925193,0.436406203,129.942446,0.376068359,0.495228462
Symplocos anomala,Ailao_understory,14.685166666666667,Li Peifu,Symplocaceae,Trees,E,STF,NO,11.7,1728,0.263055556,NA,76.57466384,0.321982921,0.291096926,94.63215717,0.30478120399999997,0.359742096
Rhododendron leptothrium,Ailao_understory,20.83683333333333,Li Peifu,Ericaceae,Trees,E,STF,NO,11.7,1728,0.186777778,NA,99.71691437,0.455812655,0.533879969,78.0335299,0.40926467,0.417788083
Acer campbellii,Ailao_understory,62.616,Li Peifu,Sapindaceae,Trees,D,STF,NO,11.7,1728,0.158722222,NA,60.01415428,0.429879446,0.378108078,97.56168443,0.390090688,0.614669346
Cyclobalanopsis stewardiana,Ailao_understory,29.4655,Li Peifu,Fagaceae,Trees,E,STF,NO,11.7,1728,0.156166667,NA,83.58103327,0.480725059,0.535204054,69.5569771,0.443455783,0.4454022
Betula alnoides,Ailao_understory,66.88983333333334,Li Peifu,Betulaceae,Trees,D,STF,NO,11.7,1728,0.146388889,NA,52.58315641,0.353031772,0.359201827,87.32111176,0.326719177,0.596500953
Rosa multiflora,Ailao_understory,15.334666666666667,Li Peifu,Rosaceae,Trees,E,STF,NO,11.7,1728,0.2145,NA,109.3418259,0.413676575,0.509752102,124.7145477,0.395751442,0.581419803
Lithocarpus pachyphyllus,Ailao_understory,39.44916666666666,Li Peifu,Fagaceae,Trees,E,STF,NO,11.7,1728,0.236388889,NA,122.2222222,0.469818525,0.517038778,118.101369,0.466426544,0.499606261
Rhododendron delavayi,Ailao_understory,30.02,Li Peifu,Ericaceae,Trees,E,STF,NO,11.7,1728,0.436916667,NA,179.6886058,0.450154593,0.411265166,179.6752614,0.475500726,0.411234624
Cerasus cerasoides,Ailao_understory,37.73983333333334,Li Peifu,Rosaceae,Trees,D,STF,NO,11.7,1728,0.194666667,NA,61.57112526,0.360296125,0.316290026,94.08509554,0.327205818,0.483313846
Neolitsea chui,Ailao_understory,44.599333333333334,Li Peifu,Lauraceae,Trees,E,STF,NO,11.7,1728,0.301611111,NA,104.670913,0.405916175,0.347039314,112.8376116,0.443823844,0.374116229
Strychnos cathayensis,Ailao_understory,27.554833333333335,Li Peifu,Loganiaceae,Lias,E,STF,NO,11.7,1728,0.153055556,NA,89.52583156,0.507539128,0.584923762,83.60592723,0.413808438,0.546245621
Machilus gamblei,Ailao_understory,43.412,Li Peifu,Lauraceae,Trees,E,STF,NO,11.7,1728,0.193333333,NA,104.1755131,0.481981273,0.538838862,100.8363671,0.378819555,0.521567417
Anisoptera costata,Garden_dipterocarps,67.53633333333333,Chompoo,Dipterocarpaceae,Trees,D,TRF,YES,21.4,1415,0.124458333,NA,64.50860836,0.460913122,0.518314899,87.88325448,0.424828771,0.706125917
Dipterocarpus alatus,Garden_dipterocarps,89.245,Chompoo,Dipterocarpaceae,Trees,D,TRF,YES,21.4,1415,0.160666667,NA,73.27833577,0.48029297,0.456089226,85.32368189,0.36658347,0.53106026
Dipterocarpus gracilis,Garden_dipterocarps,114.6976,Chompoo,Dipterocarpaceae,Trees,E,TRF,YES,21.4,1415,0.149083333,NA,92.00143477,0.434692743,0.617114153,88.00930833,0.416041807,0.590336334
Dipterocarpus intricatus,Garden_dipterocarps,164.3253,Chompoo,Dipterocarpaceae,Trees,D,TRF,YES,21.4,1415,0.198125,NA,101.6857963,0.453791049,0.513240612,163.1832567,0.489844647,0.823637889
Dipterocarpus obtusifolius,Garden_dipterocarps,98.5535,Chompoo,Dipterocarpaceae,Trees,D,TRF,YES,21.4,1415,0.274958333,NA,109.7022956,0.502464685,0.39897789,130.8860185,0.443687292,0.476021283
Dipterocarpus retusus,Garden_dipterocarps,354.0983,Chompoo,Dipterocarpaceae,Trees,E,TRF,YES,21.4,1415,0.144541667,NA,71.23385944,0.378423153,0.492825778,174.8095434,0.45229013,1.20940589
Dipterocarpus rigidus,Garden_dipterocarps,207.352,Chompoo,Dipterocarpaceae,Trees,E,TRF,YES,21.4,1415,0.163416667,NA,92.75466289,0.459849305,0.5675961,124.8411355,0.391117995,0.763943714
Dipterocarpus tuberculatus,Garden_dipterocarps,1409.9281,Chompoo,Dipterocarpaceae,Trees,D,TRF,YES,21.4,1415,0.198375,NA,84.84576762,0.403440493,0.427703933,81.22782372,0.311565923,0.40946603
Dipterocarpus turbinatus,Garden_dipterocarps,139.75333333333333,Chompoo,Dipterocarpaceae,Trees,D,TRF,YES,21.4,1415,0.145291667,NA,70.05021525,0.437243906,0.48213512,78.85572655,0.387769015,0.542740875
Dipterocarpus zeylanicus,Garden_dipterocarps,112.60366666666667,Chompoo,Dipterocarpaceae,Trees,E,TRF,YES,21.4,1415,0.13925,NA,61.97991395,0.401840618,0.445098125,68.49505751,0.345088359,0.491885512
Hopea chinensis,Garden_dipterocarps,26.5716,Chompoo,Dipterocarpaceae,Trees,E,TRF,YES,21.4,1415,0.122583333,NA,74.56958397,0.552402801,0.608317478,79.71577689,0.473372285,0.650298658
Hopea hainanensis,Garden_dipterocarps,58.861666666666665,Chompoo,Dipterocarpaceae,Trees,E,TRF,YES,21.4,1415,0.158416667,NA,83.23170736,0.513320084,0.525397415,89.86255786,0.431658565,0.567254441
Hopea hongayensis,Garden_dipterocarps,49.9236,Chompoo,Dipterocarpaceae,Trees,E,TRF,YES,21.4,1415,0.150166667,NA,73.54734581,0.448127247,0.489771447,92.15076544,0.438161282,0.613656594
Hopea mollisima,Garden_dipterocarps,38.5538,Chompoo,Dipterocarpaceae,Trees,E,TRF,YES,21.4,1415,0.129791667,NA,70.15781927,0.525386809,0.540541784,93.8037948,0.522810848,0.722725865
Hopea odorata,Garden_dipterocarps,44.31885714285714,Chompoo,Dipterocarpaceae,Trees,D,TRF,YES,21.4,1415,0.168875,NA,96.78981354,0.515065252,0.573144714,97.98663029,0.447816472,0.580231712
Hopea reticulata,Garden_dipterocarps,36.9475,Chompoo,Dipterocarpaceae,Trees,E,TRF,YES,21.4,1415,0.177375,NA,82.31707322,0.439656192,0.464084979,96.10431417,0.438126267,0.541814315
Parashorea chinensis,Garden_dipterocarps,54.950428571428574,Chompoo,Dipterocarpaceae,Trees,E,TRF,YES,21.4,1415,0.124208333,NA,76.07604022,0.521465308,0.61248741,72.18934063,0.386629356,0.581195632
Shorea assamica,Garden_dipterocarps,62.5292,Chompoo,Dipterocarpaceae,Trees,E,TRF,YES,21.4,1415,0.119833333,NA,67.52152084,0.438634459,0.563461928,80.70458146,0.384862397,0.673473561
Shorea gratissima,Garden_dipterocarps,71.759,Chompoo,Dipterocarpaceae,Trees,E,TRF,YES,21.4,1415,0.141625,NA,91.08680063,0.502571199,0.643154815,104.1643676,0.480961133,0.735494211
Shorea henryana,Garden_dipterocarps,64.55183333333333,Chompoo,Dipterocarpaceae,Trees,E,TRF,YES,21.4,1415,0.158708333,NA,81.45624108,0.484994488,0.513244891,99.70424905,0.408717243,0.628223151
Shorea hypochra,Garden_dipterocarps,71.56633333333333,Chompoo,Dipterocarpaceae,Trees,E,TRF,YES,21.4,1415,0.167375,NA,95.98278341,0.531646334,0.573459498,113.9370605,0.471235826,0.680729264
Shorea leprosula,Garden_dipterocarps,67.40283333333333,Chompoo,Dipterocarpaceae,Trees,E,TRF,YES,21.4,1415,0.133375,NA,64.88522242,0.465838486,0.486487141,78.2912596,0.439950097,0.587001009
Shorea robusta,Garden_dipterocarps,75.31733333333334,Chompoo,Dipterocarpaceae,Trees,D,TRF,YES,21.4,1415,0.155583333,NA,73.97776188,0.410747963,0.475486419,101.087345,0.398665729,0.649731196
Shorea roxburghii,Garden_dipterocarps,57.98266666666667,Chompoo,Dipterocarpaceae,Trees,D,TRF,YES,21.4,1415,0.148333333,NA,67.46771883,0.424562713,0.454838555,69.2746201,0.349926333,0.467019912
Vatica diospyroides,Garden_dipterocarps,152.3271,Chompoo,Dipterocarpaceae,Trees,E,TRF,YES,21.4,1415,0.1335,NA,70.80344337,0.519094749,0.530362872,89.6180091,0.49361387,0.671295948
Vatica guangxiensis,Garden_dipterocarps,67.5836,Chompoo,Dipterocarpaceae,Trees,E,TRF,YES,21.4,1415,0.133916667,NA,68.54375901,0.451794188,0.511838896,87.47883031,0.471120431,0.65323333
Vatica mangachapoi,Garden_dipterocarps,46.6694,Chompoo,Dipterocarpaceae,Trees,E,TRF,YES,21.4,1415,0.147958333,NA,86.08321382,0.515685641,0.581807135,117.5082324,0.504402644,0.794198137
Vatica odorata,Garden_dipterocarps,64.136,Chompoo,Dipterocarpaceae,Trees,E,TRF,YES,21.4,1415,0.169625,NA,108.8952655,0.547596956,0.64197651,111.5871137,0.489006171,0.657845917
Vatica rassak,Garden_dipterocarps,140.17933333333335,Chompoo,Dipterocarpaceae,Trees,E,TRF,YES,21.4,1415,0.19875,NA,99.31850795,0.465927671,0.499715763,149.1016899,0.453826644,0.750197182
Vatica xishuangbannaensis,Garden_dipterocarps,57.44714285714286,Chompoo,Dipterocarpaceae,Trees,E,TRF,YES,21.4,1415,0.14025,NA,78.76614065,0.474736392,0.561612411,86.61096397,0.445546791,0.61754698
Cymbidium lancifolium Hook.,Garden_orchid,38.79816667,Chen Yajun,Orchidaceae,Orchids,E,TRF,YES,21.4,1415,0.5185,NA,83.06178737,0.161571264,0.160196311,78.85821391,0.181309412,0.15208913
Dendrobium aphyllum (Roxb. ) C. E. Fischer,Garden_orchid,13.93316667,Chen Yajun,Orchidaceae,Orchids,E,TRF,YES,21.4,1415,0.6705,NA,38.51505216,0.063261387,0.057442285,40.67199913,0.072446166,0.060659208
Dendrobium primulinum Lindl.,Garden_orchid,19.30683333,Chen Yajun,Orchidaceae,Orchids,E,TRF,YES,21.4,1415,0.90125,NA,89.73946931,0.060784252,0.099572227,49.84700126,0.06527,0.055308739
Dendrobium chrysanthum Lindl.,Garden_orchid,13.24316667,Chen Yajun,Orchidaceae,Orchids,E,TRF,YES,21.4,1415,0.264416667,NA,31.59437873,0.139351778,0.119487092,33.1881586,0.142823455,0.125514624
Aglaia odorata Lour.,Garden_orchid,14.42066667,Chen Yajun,Orchidaceae,Orchids,E,TRF,YES,21.4,1415,1.030083333,NA,64.69325168,0.073427579,0.062803901,78.88760031,0.078391814,0.076583707
Dendrobium fimbriatum Hook.,Garden_orchid,20.75616667,Chen Yajun,Orchidaceae,Orchids,E,TRF,YES,21.4,1415,0.489416667,NA,67.72285103,0.139533932,0.138374632,59.46997225,0.17127105,0.121511947
Cymbidium eburneum Lindl.,Garden_orchid,40.7785,Chen Yajun,Orchidaceae,Orchids,E,TRF,YES,21.4,1415,0.510583333,NA,113.6883461,0.22402422,0.222663645,103.9660768,0.23095265,0.203622152
Dendrobium Gatton Sunray,Garden_orchid,46.71316667,Chen Yajun,Orchidaceae,Orchids,E,TRF,YES,21.4,1415,0.562916667,NA,90.10419211,0.164537184,0.160066662,79.74408478,0.17400343,0.141662327
Dendrobium thyrsiflorum Rchb. f.,Garden_orchid,31.925,Chen Yajun,Orchidaceae,Orchids,E,TRF,YES,21.4,1415,0.542416667,NA,77.08056691,0.145211006,0.142105823,97.88691663,0.193222721,0.180464434
Cymbidium lowianum (Rchb. f.) Rchb. f.,Garden_orchid,105.8395,Chen Yajun,Orchidaceae,Orchids,E,TRF,YES,21.4,1415,0.458166667,NA,82.44628354,0.199859381,0.179948236,120.5444071,0.226533098,0.263101652
Cymbidium hookerianum Rchb. f.,Garden_orchid,128.7993333,Chen Yajun,Orchidaceae,Orchids,E,TRF,YES,21.4,1415,0.543666667,NA,84.70302488,0.25263499,0.155799555,98.5134722,0.214869981,0.181201972
Cymbidium iridioides D.Don.,Garden_orchid,57.6245,Chen Yajun,Orchidaceae,Orchids,E,TRF,YES,21.4,1415,0.554666667,NA,104.7127981,0.208227956,0.188785093,114.5432528,0.272307063,0.206508268
Cymbidium tracyanum L.,Garden_orchid,106.7378333,Chen Yajun,Orchidaceae,Orchids,E,TRF,YES,21.4,1415,0.481916667,NA,79.87823455,0.177574615,0.165751135,76.57460854,0.196521171,0.158895954
Cymbidium ebureneum,Garden_orchid,62.56466667,Chen Yajun,Orchidaceae,Orchids,E,TRF,YES,21.4,1415,0.685416667,NA,152.7773174,0.214039095,0.222896998,152.8524757,0.269328161,0.223006651
Dendrobium nobile Lindl.,Garden_orchid,35.58316667,Chen Yajun,Orchidaceae,Orchids,E,TRF,YES,21.4,1415,0.868416667,NA,47.24111867,0.059867665,0.054399139,82.17651952,NA,0.094627985
Eria javanica (Sw.) Bl.,Garden_orchid,106.8856667,Chen Yajun,Orchidaceae,Orchids,E,TRF,YES,21.4,1415,0.96125,NA,69.94169088,0.078085187,0.072761187,69.57046825,0.083300429,0.072374999
Dendrobium dixanthum Rchb. f.,Garden_orchid,14.219,Chen Yajun,Orchidaceae,Orchids,E,TRF,YES,21.4,1415,0.36925,NA,55.88071248,0.154786756,0.151335714,54.59279804,0.18403653,0.147847794
Cymbidium sinense,Garden_orchid,109.4308333,Chen Yajun,Orchidaceae,Orchids,E,TRF,YES,21.4,1415,0.5640833335,NA,96.64920900499999,0.189586315,0.173835557,103.64037615999999,0.2105756595,0.18526014600000001
Dendrobium chrysotoxum Lindl.,Garden_orchid,30.51633333,Chen Yajun,Orchidaceae,Orchids,E,TRF,YES,21.4,1415,0.811083333,NA,153.8717199,0.187327681,0.189711357,119.1705705,0.185060557,0.146927653
Lytocaryum weddellianum,Garden_palm,9.2685,Li Peifu,Arecaceae,Palms,E,TRF,YES,21.4,1415,0.129777778,NA,71.75434458,0.513914643,0.552901627,97.28017481,0.523007722,0.749590387
Didymosperma caudatum,Garden_palm,59.81433333333333,Li Peifu,Arecaceae,Palms,E,TRF,YES,21.4,1415,0.215166667,NA,102.7600849,0.434319496,0.477583663,113.686042,0.402063336,0.528362704
Pinanga discolor,Garden_palm,114.00516666666667,Li Peifu,Arecaceae,Palms,E,TRF,YES,21.4,1415,0.207055556,NA,70.98372258,0.306412623,0.342824525,74.1182123,0.309762827,0.357962924
Chamaedorea macrospodix,Garden_palm,69.47475,Li Peifu,Arecaceae,Palms,E,TRF,YES,21.4,1415,0.149555556,NA,54.98938429,0.359424638,0.367685332,53.99171738,0.339380378,0.361014454
Ptychosperma macrospadix,Garden_palm,49.51925,Li Peifu,Arecaceae,Palms,E,TRF,YES,21.4,1415,0.169666667,NA,65.67586695,0.341440223,0.387087624,72.97170439,0.300332479,0.43008863
Arenga caudata var. stenodkylla,Garden_palm,79.69316666666667,Li Peifu,Arecaceae,Palms,E,TRF,YES,21.4,1415,0.169166667,NA,76.57466384,0.428856219,0.45265811,77.98463521,0.410434748,0.460992917
Chrysalidocarpus lutescens,Garden_palm,25.364,Li Peifu,Arecaceae,Palms,E,TRF,YES,21.4,1415,0.153666667,NA,74.30997877,0.399610227,0.483579036,85.45659066,0.400435229,0.556116641
Ptychosperma cuneatum,Garden_palm,183.60683333333333,Li Peifu,Arecaceae,Palms,E,TRF,YES,21.4,1415,0.196666667,NA,68.22363765,0.308957254,0.346899852,99.05,0.369194304,0.503644067
Euterpe precatorla,Garden_palm,28.555,Li Peifu,Arecaceae,Palms,E,TRF,YES,21.4,1415,0.135722222,NA,90.16277425,0.462606689,0.664318436,122.69,0.43333129,0.903978716
Phoenix roebelenii,Garden_palm,32.98575,Li Peifu,Arecaceae,Palms,E,TRF,YES,21.4,1415,0.232222222,NA,121.8683652,0.468474245,0.524792004,111.4180647,0.440356293,0.47979071
Wallichia siamensis,Garden_palm,93.7558,Li Peifu,Arecaceae,Palms,E,TRF,YES,21.4,1415,0.195888889,NA,80.25477707,0.37870273,0.409695402,88.92749311,0.39027742,0.453969051
Wallichia chinensis,Garden_palm,70.39233333333334,Li Peifu,Arecaceae,Palms,E,TRF,YES,21.4,1415,0.171722222,NA,81.03326256,0.424257613,0.471885709,87.79577858,0.395366873,0.511266262
Caryota mitis,Garden_palm,60.440400000000004,Li Peifu,Arecaceae,Palms,E,TRF,YES,21.4,1415,0.247222222,NA,95.39985845,0.360204793,0.385887068,83.24950259,0.319193207,0.336739561
Ptychosperma lineare,Garden_palm,37.25066666666667,Li Peifu,Arecaceae,Palms,E,TRF,YES,21.4,1415,0.165722222,NA,66.59589526,0.344945156,0.401852536,85.73649617,0.377559321,0.517350631
Caryota urens,Garden_palm,51.524,Li Peifu,Arecaceae,Palms,E,TRF,YES,21.4,1415,0.181722222,NA,76.85774947,0.376483903,0.422940841,143.4734407,0.564121157,0.789520616
Arenga hookeriana,Garden_palm,74.27879999999999,Li Peifu,Arecaceae,Palms,E,TRF,YES,21.4,1415,0.204722222,NA,95.11677282,0.41530527,0.464613816,119.4460132,0.423480044,0.583454068
Arenga tremula,Garden_palm,66.184,Li Peifu,Arecaceae,Palms,E,TRF,YES,21.4,1415,0.230611111,NA,108.9879689,0.435301774,0.472605021,112.5597638,0.449182649,0.488093411
Aiphanes horrida,Garden_palm,49.160833333333336,Li Peifu,Arecaceae,Palms,E,TRF,YES,21.4,1415,0.229611111,NA,90.37508847,0.361505689,0.393600676,104.1337085,0.364211696,0.453522079
Salix cathayana,Lijiang,15.332166666666666,Li Peifu,Salicaceae,Trees,E,CTF,NO,7.9,1095,0.194333333,NA,122.93,0.4,0.6325729,115.181621,0.385842676,0.59270131
Desmodium yunnanense,Lijiang,39.216,Li Peifu,Leguminosae,Trees,D,CTF,NO,7.9,1095,0.151611111,NA,55.13092711,0.318069311,0.363633818,56.73694025,0.306134024,0.374226796
Rhododendron yunnanense,Lijiang,29.430666666666667,Li Peifu,Ericaceae,Trees,D,CTF,NO,7.9,1095,0.196,NA,84.64260439,0.314678673,0.431850022,90.21976387,0.337569172,0.460304918
Sorbus coronata,Lijiang,55.8005,Li Peifu,Rosaceae,Trees,D,CTF,NO,7.9,1095,0.167277778,NA,70.13446568,0.401613647,0.419269472,92.00070745,0.373727779,0.549987623
Rhododendron decorum,Lijiang,42.562333333333335,Li Peifu,Ericaceae,Trees,E,CTF,NO,7.9,1095,0.340277778,NA,122.6468507,0.365210138,0.360431561,118.9859791,0.315092798,0.349673081
Quercus aquifolioides,Lijiang,32.41716666666667,Li Peifu,Fagaceae,Trees,E,CTF,NO,7.9,1095,0.171444445,NA,77.1408351,0.400883599,0.449946542,82.06529191,0.402467573,0.47866988
Quercus guyavifolia,Lijiang,20.849333333333334,Li Peifu,Fagaceae,Trees,E,CTF,NO,7.9,1095,0.4365,NA,237.084218,0.499197313,0.543148266,240.7814586,0.459787012,0.551618462
Salix dibapha,Lijiang,19.452166666666667,Li Peifu,Salicaceae,Trees,E,CTF,NO,7.9,1095,0.186666667,NA,108.5633404,0.359345619,0.581589323,132.0503279,0.430100095,0.70741247
Lyonia villosa,Lijiang,32.43383333333333,Li Peifu,Ericaceae,Trees,D,CTF,NO,7.9,1095,0.199222222,NA,77.0700637,0.394331797,0.386854754,86.42214284,0.350237603,0.433797706
Cornus walteri,Lijiang,33.685,Li Peifu,Corceae,Trees,D,CTF,NO,7.9,1095,0.155666667,NA,52.22929936,0.321148825,0.335520124,50.9957702,0.237135614,0.327595953
Elsholtzia eriocalyx,Lijiang,26.962799999999998,Li Peifu,Lamiaceae,Trees,E,CTF,NO,7.9,1095,0.147166667,NA,35.17338995,0.246103991,0.239003782,37.77394257,0.177121291,0.256674581
Viburnum cylindricum,Lijiang,27.546333333333333,Li Peifu,Adoxaceae,Trees,E,CTF,NO,7.9,1095,0.400388889,NA,148.9030432,0.332604919,0.371896042,149.2356702,0.363947006,0.372726802
Malus ombrophila,Lijiang,57.01683333333333,Li Peifu,Rosaceae,Trees,D,CTF,NO,7.9,1095,0.212444444,NA,109.7,0.49,0.516370294,119.9633888,0.445936147,0.564681225
Clerodendrum yunnanense,Lijiang,110.02683333333334,Li Peifu,Lamiaceae,Trees,D,CTF,NO,7.9,1095,0.180444445,NA,53.43241331,0.302137903,0.29611559,67.25945285,0.244740638,0.372743272
Euonymus laxiflorus,Lijiang,12.757833333333334,Li Peifu,Celastraceae,Trees,D,CTF,NO,7.9,1095,0.289833333,NA,106.6525124,0.333423276,0.367978767,118.5736869,0.28673611,0.409109904
Rhododendron rubiginosum,Lijiang,17.601,Li Peifu,Ericaceae,Trees,E,CTF,NO,7.9,1095,0.269,NA,92.49823072,0.352291319,0.343859594,79.98016309,0.315655201,0.297324026
Rhododendron racemosum,Lijiang,21.302333333333333,Li Peifu,Ericaceae,Trees,E,CTF,NO,7.9,1095,0.183277778,NA,90.7289455,0.423658742,0.495035167,98.18948517,0.381904053,0.535741355
Acer pictum,Lijiang,67.0625,Li Peifu,Sapindaceae,Trees,D,CTF,NO,7.9,1095,0.115666667,NA,46.99221514,0.365836333,0.406272752,51.73781526,0.34321092,0.447300995
Quercus aliena,Lijiang,33.924166666666665,Li Peifu,Fagaceae,Trees,D,CTF,NO,7.9,1095,0.186333333,NA,98.08917197,0.45789295,0.52641774,86.94361391,0.411135567,0.46660258
Coriaria nepalensis,Lijiang,41.18966666666667,Li Peifu,Coriariaceae,Trees,D,CTF,NO,7.9,1095,0.266944445,NA,96.24911536,0.312137114,0.3605586,93.90469556,0.314219287,0.351776174
Lonicera setifera,Lijiang,12.6585,Li Peifu,Caprifoliaceae,Trees,D,CTF,NO,7.9,1095,0.428277778,NA,137.1549894,0.29351943,0.320247737,126.6782547,0.202215705,0.295785262
Macaranga denticulata,Mengla_bubeng,108.7825,Li Peifu,Euphorbiaceae,Trees,D,TRF,NO,21.4,1415,0.292888889,NA,73.17763624,0.40311002,0.249847772,76.01623807,0.339535161,0.259539508
Lindera metcalfiana,Mengla_bubeng,24.026,Li Peifu,Lauraceae,Trees,E,TRF,NO,21.4,1415,0.173944444,NA,73.95612173,0.429838289,0.425170934,72.01854713,0.373980581,0.414031891
Gnetum montanum,Mengla_bubeng,30.665166666666668,Li Peifu,Gnetaceae,Lias,E,TRF,NO,21.4,1415,0.358055556,NA,126.7515924,0.378233507,0.353999792,115.4296268,0.329721337,0.322379097
Ostodes paniculata,Mengla_bubeng,53.5225,Li Peifu,Euphorbiaceae,Trees,E,TRF,NO,21.4,1415,0.216833333,NA,80.39631989,0.378590431,0.370774727,93.39198989,0.328622039,0.43070864
Alnus cremastogyne,Mengla_bubeng,39.3785,Li Peifu,Betulaceae,Trees,E,TRF,NO,21.4,1415,0.227555556,NA,111.1818825,0.481145544,0.488592256,116.0813109,0.441729424,0.510122947
Garcinia cowa,Mengla_bubeng,32.31216666666666,Li Peifu,Clusiaceae,Trees,E,TRF,NO,21.4,1415,0.287222222,NA,100.9907997,0.334492283,0.351612069,115.0623494,0.279631105,0.400603925
Ilex godajam,Mengla_bubeng,26.509666666666668,Li Peifu,Aquifoliaceae,Trees,E,TRF,NO,21.4,1415,0.298222222,NA,111.3941967,0.419821095,0.373527485,115.2877008,0.420166125,0.3865832
Harpullia cupanioides,Mengla_bubeng,82.2725,Li Peifu,Sapindaceae,Trees,E,TRF,NO,21.4,1415,0.176333333,NA,61.21726822,0.396026116,0.347167873,95.0000105,0.5554437,0.538752424
Celtis timorensis,Mengla_bubeng,59.51983333333333,Li Peifu,Canbaceae,Trees,E,TRF,NO,21.4,1415,0.243944444,NA,105.0955414,0.421490315,0.430817524,103.0361741,0.381163267,0.422375572
Duabanga grandiflora,Mengla_bubeng,89.4245,Li Peifu,Lythraceae,Trees,E,TRF,NO,21.4,1415,0.329944445,NA,133.7579618,0.431351304,0.405395405,131.3691035,0.402100535,0.398155221
Pterospermum menglunense,Mengla_bubeng,15.5815,Li Peifu,Malvaceae,Trees,D,TRF,NO,21.4,1415,0.289111111,NA,103.8924275,0.475308459,0.35935121,132.0047421,0.422104214,0.45658827
Drypetes hoaensis,Mengla_bubeng,19.8996,Li Peifu,Putranjivaceae,Trees,E,TRF,NO,21.4,1415,0.200333333,NA,76.43312102,0.474190844,0.381529723,120.5037776,0.471581883,0.601516362
Strychnos cathayensis,Mengla_bubeng,43.214,Li Peifu,Loganiaceae,Lias,E,TRF,NO,21.4,1415,0.165555556,NA,78.62703468,0.397980557,0.474928396,114.738254,0.306986691,0.693049855
Castanopsis indica,Mengla_bubeng,76.7174,Li Peifu,Fagaceae,Trees,E,TRF,NO,21.4,1415,0.288666667,NA,146.5675867,0.510474955,0.507739907,97.51233242,0.449179496,0.337802537
Litchi chinensis,Mengla_bubeng,38.385333333333335,Li Peifu,Sapindaceae,Trees,E,TRF,NO,21.4,1415,0.210333334,NA,129.9363057,0.498997566,0.617763734,136.5884015,0.424239522,0.649390179
Barringtonia macrostachya,Mengla_bubeng,57.217,Li Peifu,Lecythidaceae,Trees,E,TRF,NO,21.4,1415,0.234944445,NA,72.18683652,0.361549031,0.307250663,81.13474994,0.285510011,0.345335894
Dalbergia rimosa,Mengla_bubeng,29.2845,Li Peifu,Leguminosae,Lias,E,TRF,NO,21.4,1415,0.199611111,NA,80.67940552,0.384426653,0.404182939,121.2252135,0.429033282,0.607306942
Uncaria macrophylla,Mengla_bubeng,55.071333333333335,Li Peifu,Rubiaceae,Lias,D,TRF,NO,21.4,1415,0.312222222,NA,126.0438783,0.505227389,0.403699255,102.5197268,0.360131826,0.328354997
Canthium simile,Mengla_bubeng,24.463,Li Peifu,Rubiaceae,Trees,E,TRF,NO,21.4,1415,0.233055556,NA,114.0835103,0.432008309,0.489512081,113.1297736,0.388098712,0.485419767
Aganope thyrsiflora,Mengla_bubeng,43.57083333333333,Li Peifu,Leguminosae,Lias,E,TRF,NO,21.4,1415,0.182888889,NA,83.79334749,0.480796781,0.458165326,61.34951735,0.35445267,0.335446935
Aglaia lawii (Wight) C. J. Saldanha,Mengla_bubeng,91.62216666666667,Li Peifu,Meliaceae,Trees,D,TRF,NO,21.4,1415,0.301055556,NA,109.2710545,0.326541767,0.362959767,139.4664206,0.329523541,0.463258086
Croton spp.,Mengla_bubeng,82.16516666666666,Li Peifu,Euphorbiaceae,Trees,D,TRF,NO,21.4,1415,0.224555556,NA,84.50106157,0.412027464,0.376303589,77.4267772,0.330827922,0.344800096
Croton tiglium spp. A,Mengla_bubeng,82.4275,Li Peifu,Euphorbiaceae,Trees,D,TRF,NO,21.4,1415,0.192222222,NA,87.40268931,0.434263542,0.454696072,69.67280808,0.326998167,0.362459696
Heteropanax fragrans,Mengla_bubeng,42.423,Li Peifu,Araliaceae,Trees,E,TRF,NO,21.4,1415,0.352777778,NA,133.6164189,0.380055551,0.378755203,59.84829061,0.276154654,0.169648698
Embelia longifolia,Mengla_bubeng,17.8894,Li Peifu,Primulaceae,Lias,E,TRF,NO,21.4,1415,0.329055555,NA,105.4493984,0.311391884,0.320460776,103.9936741,0.25479268,0.316036829
Uncaria laevigata,Mengla_bubeng,58.94133333333333,Li Peifu,Rubiaceae,Lias,D,TRF,NO,21.4,1415,0.203555556,NA,101.4861996,0.446368756,0.498567573,86.31283939,0.384913405,0.424025957
Phoebe lanceolata,Mengla_bubeng,56.87683333333334,Li Peifu,Lauraceae,Trees,E,TRF,NO,21.4,1415,0.1775,NA,69.07289455,0.504506162,0.389143068,68.00987709,0.457514431,0.383154237
Stixis suaveolens,Mengla_bubeng,71.59783333333333,Li Peifu,Capparaceae,Lias,E,TRF,NO,21.4,1415,0.236722223,NA,49.8421808,0.290976271,0.210551338,91.50303583,0.351605924,0.386541807
Homalium ceylanicum,Mengla_bubeng,26.55,Li Peifu,Salicaceae,Trees,D,TRF,NO,21.4,1415,0.293444444,NA,131.7763624,0.428954954,0.449067498,119.8220027,0.372436584,0.40832943
Parashorea chinensis,Mengla_bubeng,29.776666666666667,Li Peifu,Dipterocarpaceae,Trees,E,TRF,NO,21.4,1415,0.213111111,NA,102.9016277,0.481235821,0.482854353,128.1611307,0.404266642,0.60138174
Baccaurea ramiflora,Mengla_bubeng,57.557,Li Peifu,Phyllanthaceae,Trees,E,TRF,NO,21.4,1415,0.295055556,NA,102.7600849,0.370089995,0.348273682,96.60519865,0.28966746,0.327413589
Elaeocarpus sylvestris,Mengla_bubeng,46.195,Li Peifu,Elaeocarpaceae,Trees,E,TRF,NO,21.4,1415,0.257555556,NA,128.0962491,0.43114522,0.497353857,117.9617498,0.392930343,0.458005067
Ficus drupacea,Mengla_bubeng,92.60983333333333,Li Peifu,Moraceae,Trees,E,TRF,NO,21.4,1415,0.3205,NA,112.5265393,0.408317599,0.351096846,145.6657488,0.343406576,0.454495316
Cleidion brevipetiolatum,Mengla_bubeng,59.12916666666666,Li Peifu,Euphorbiaceae,Trees,E,TRF,NO,21.4,1415,0.192333333,NA,77.9193206,0.385587799,0.405126451,90.31991551,0.392898643,0.469600948
Canarium album,Mengla_bubeng,33.27133333333333,Li Peifu,Burseraceae,Trees,D,TRF,NO,21.4,1415,0.268666667,NA,112.1726822,0.444728175,0.417516186,115.4671398,0.427724908,0.429778435
Alseodaphne andersonii,Mengla_bubeng,86.56133333333334,Li Peifu,Lauraceae,Trees,E,TRF,NO,21.4,1415,0.357933333,NA,90.87048832,0.387567277,0.253875457,110.6785311,0.346713655,0.30921549
Sloanea tomentosa,Mengla_bubeng,42.09166666666667,Li Peifu,Elaeocarpaceae,Trees,E,TRF,NO,21.4,1415,0.254611111,NA,116.0651097,0.478257868,0.455852493,126.7675364,0.430412641,0.497886899
Fissistigma maclurei,Mengla_bubeng,14.368666666666666,Li Peifu,Annoceae,Lias,E,TRF,NO,21.4,1415,0.321611111,NA,98.3722576,0.492360625,0.305873318,108.013223,0.429329002,0.335850408
Ventilago calyculata,Mengla_bubeng,23.804499999999997,Li Peifu,Rhamceae,Lias,E,TRF,NO,21.4,1415,0.129444444,NA,56.61712668,0.402476896,0.43738553,64.3936307,0.370048599,0.497461526
Balakata baccata,Mengla_bubeng,37.6678,Li Peifu,Euphorbiaceae,Trees,E,TRF,NO,21.4,1415,0.214611111,NA,101.9815994,0.429984064,0.475192542,87.69,0.283779293,0.408599534
Bauhinia aurea,Mengla_bubeng,94.23183333333333,Li Peifu,Leguminosae,Lias,E,TRF,NO,21.4,1415,0.214444445,NA,72.32837934,0.423299971,0.337282597,100.3852219,0.452805617,0.468117614
Celastrus virens,Mengla_bubeng,26.691166666666668,Li Peifu,Celastraceae,Lias,E,TRF,NO,21.4,1415,0.181222222,NA,53.14932767,0.331112509,0.293282618,63.77382404,0.329150379,0.351909514
Colona thorelii,Mengla_bubeng,46.76116666666667,Li Peifu,Malvaceae,Trees,E,TRF,NO,21.4,1415,0.2715,NA,90.09200283,0.516656935,0.331830581,107.4155007,0.345042956,0.395637203
Mussaenda pubescens,Mengla_bubeng,36.7336,Li Peifu,Rubiaceae,Lias,D,TRF,NO,21.4,1415,0.208555555,NA,80.04246285,0.370504935,0.383794442,70.1907067,0.25386346,0.3365564
Lithocarpus craibianus,Mengla_bubeng,69.6345,Li Peifu,Fagaceae,Trees,E,TRF,NO,21.4,1415,0.237888889,NA,108.9879688,0.491216619,0.458146529,110.3430427,0.391330292,0.463842776
Glochidion puberum,Mengla_bubeng,41.623333333333335,Li Peifu,Phyllanthaceae,Trees,D,TRF,NO,21.4,1415,0.234555556,NA,74.30997877,0.417816857,0.316811846,79.90042746,0.372566511,0.340646066
Cinnamomum tenuipile,Mengla_bubeng,39.010999999999996,Li Peifu,Lauraceae,Trees,E,TRF,NO,21.4,1415,0.305333333,NA,111.3941967,0.419821095,0.364828156,126.9355201,0.348522503,0.415727686
Nephelium chryseum,Mengla_bubeng,37.41433333333333,Li Peifu,Sapindaceae,Trees,E,TRF,NO,21.4,1415,0.281388889,NA,110.1203114,0.5015057,0.391345628,122.7984537,0.447890964,0.436401217
Pometia pinnata,Mengla_bubeng,70.81616666666667,Li Peifu,Sapindaceae,Trees,E,TRF,NO,21.4,1415,0.169111111,NA,101.1323425,0.542716071,0.598023051,99.02537324,0.476223812,0.585563968
Semecarpus reticulatus,Mengla_bubeng,70.1735,Li Peifu,Acardiaceae,Trees,E,TRF,NO,21.4,1415,0.310444444,NA,113.871196,0.396808498,0.36680056,130.2698555,0.403886388,0.41962373
Ficus sagittata,Mengla_bubeng,72.58533333333332,Li Peifu,Moraceae,Lias,D,TRF,NO,21.4,1415,0.302611111,NA,144.8690729,0.471949677,0.478730184,187.3219502,0.403968172,0.619018745
Garuga pinnata,Mengla_bubeng,40.054,Li Peifu,Burseraceae,Trees,D,TRF,NO,21.4,1415,0.205111111,NA,100.7784855,0.434149426,0.491336062,97.41930422,0.333142832,0.474958688
Dysoxylum lenticellatum,Mengla_bubeng,93.76233333333333,Li Peifu,Meliaceae,Trees,D,TRF,NO,21.4,1415,0.2694,NA,63.69426752,0.266610299,0.236430095,56.97623177,0.186641284,0.211493065
Bauhinia glauca subsp. tenuiflora,Mengla_bubeng,24.8015,Li Peifu,Leguminosae,Lias,E,TRF,NO,21.4,1415,0.200777778,NA,64.96815287,0.331450099,0.323582388,99.50564192,0.343547772,0.495600872
Premna scandens,Mengla_bubeng,66.99533333333333,Li Peifu,Lamiaceae,Lias,D,TRF,NO,21.4,1415,0.261666667,NA,116.1358811,0.476099862,0.443831392,99.83204257,0.346401585,0.381523729
Mallotus metcalfianus,Mengla_bubeng,62.055,Li Peifu,Euphorbiaceae,Trees,E,TRF,NO,21.4,1415,0.288888889,NA,76.71620665,0.431517514,0.2655561,101.1278182,0.400109039,0.350057832
Symplocos cochinchinensis,Mengla_bubeng,57.89475,Li Peifu,Symplocaceae,Trees,E,TRF,NO,21.4,1415,0.265888889,NA,111.960368,0.390715712,0.421079528,119.6362378,0.341678104,0.449948241
Derris marginata,Mengla_bubeng,33.64866666666667,Li Peifu,Leguminosae,Lias,E,TRF,NO,21.4,1415,0.183,NA,73.88535032,0.494520679,0.403745084,91.01995429,0.37667135,0.497376799
Pseuduvaria trimera,Mengla_bubeng,81.43633333333334,Li Peifu,Annoceae,Trees,E,TRF,NO,21.4,1415,0.165888889,NA,74.87615004,0.421758238,0.451363262,74.42973626,0.361738638,0.448672221
Cinnamomum bejolghota,Mengla_bubeng,79.4435,Li Peifu,Lauraceae,Trees,E,TRF,NO,21.4,1415,0.304444444,NA,99.85845718,0.409251631,0.328002232,121.6115674,0.358987319,0.399454054
Tetracera sarmentosa,Mengla_bubeng,70.76,Li Peifu,Dilleniaceae,Lias,E,TRF,NO,21.4,1415,0.255444444,NA,74.73460722,0.350314333,0.292566971,126.237748,0.361989042,0.494188662
Poikilospermum suaveolens,Mengla_bubeng,56.988166666666665,Li Peifu,Urticaceae,Lias,D,TRF,NO,21.4,1415,0.289666667,NA,50.10615711,0.187758557,0.172978678,52.1286394,0.156016702,0.17996078
Mahonia bealei,Mengla_bubeng,87.9495,Li Peifu,Berberidaceae,Trees,E,TRF,NO,21.4,1415,0.257611111,NA,92.00283085,0.394730778,0.357138442,104.3023774,0.34155269,0.40488307
Combretum latifolium,Mengla_bubeng,59.84216666666667,Li Peifu,Combretaceae,Lias,D,TRF,NO,21.4,1415,0.2285,NA,112.5973107,0.459398301,0.492767224,123.0009178,0.459331305,0.538297233
Ficus langkokensis,Mengla_bubeng,47.660666666666664,Li Peifu,Moraceae,Trees,D,TRF,NO,21.4,1415,0.213611111,NA,82.1656051,0.439739998,0.384650427,83.02387941,0.329666827,0.388668356
Litsea panamanja,Mengla_bubeng,41.69916666666667,Li Peifu,Lauraceae,Trees,E,TRF,NO,21.4,1415,0.284444444,NA,122.0806794,0.472017772,0.429189889,121.6202939,0.363612687,0.427571346
Strychnos angustiflora,Mengla_bubeng,43.224333333333334,Wenda,Loganiaceae,Lias,E,TRF,NO,21.4,1415,0.220233333,NA,103.3,0.364166942,0.46904798,69.19474244,0.368131113,0.314188327
Ficus semicordata,Mengla_bubeng,86.435,Li Peifu,Moraceae,Trees,D,TRF,NO,21.4,1415,0.281777778,NA,76.15003539,0.420510779,0.270248548,88.84063066,0.344931982,0.31528615
Diospyros hasseltii,Mengla_bubeng,92.41499999999999,Li Peifu,Ebeceae,Trees,D,TRF,NO,21.4,1415,0.245833333,NA,118.2590234,0.430898928,0.481053655,108.1047368,0.376051345,0.439748082
Fissistigma polyanthum,Mengla_bubeng,38.13966666666666,Li Peifu,Annoceae,Lias,E,TRF,NO,21.4,1415,0.208333333,NA,88.25194621,0.469562627,0.423609342,116.8266745,0.388645388,0.560768038
Terminthia paniculata,Yuanjiang_savan,70.04475,Lvsong,Acardiaceae,Trees,D,HDS,NO,24.3,734,0.213083333,NA,100.2869441,0.39509874,0.47064659,94.96782069,0.419267174,0.445683946
Murraya exotica,Yuanjiang_savan,21.334625,Lvsong,Rutaceae,Trees,E,HDS,NO,24.3,734,0.251583333,NA,160.8680058,0.634218709,0.639422349,145.4107065,0.49545396,0.577982272
Diospyros yunnanensis,Yuanjiang_savan,23.3985,Lvsong,Ebeceae,Trees,E,HDS,NO,24.3,734,0.191666667,NA,148.3859398,0.638030576,0.774187511,136.2112728,0.487370624,0.710667509
Jasminum seguinii,Yuanjiang_savan,43.495375,Lvsong,Oleaceae,Lias,E,HDS,NO,24.3,734,0.183708333,NA,105.774749,0.390388214,0.575775455,106.9341677,0.333019982,0.582086648
Burretiodendron kydiifolium,Yuanjiang_savan,59.932500000000005,Lvsong,Malvaceae,Trees,D,HDS,NO,24.3,734,0.195375,NA,77.95911052,0.459809321,0.399022959,88.40201837,0.377980519,0.452473543
Dregea volubilis,Yuanjiang_savan,88.244875,Lvsong,Apocyceae,Lias,D,HDS,NO,24.3,734,0.141625,NA,46.21592542,0.251451746,0.32632604,54.7686817,0.186221799,0.386716199
Lannea coromandelica,Yuanjiang_savan,75.732125,Lvsong,Acardiaceae,Trees,D,HDS,NO,24.3,734,0.199666667,NA,93.18507896,0.423930613,0.466703233,95.08477695,0.394752821,0.47621758
Bridelia stipularis,Yuanjiang_savan,41.1035625,Lvsong,Phyllanthaceae,Lias,D,HDS,NO,24.3,734,0.128833333,NA,73.00932572,0.638947323,0.566695932,82.76436671,0.409724046,0.642414232
Salix myrtillacea,Yuanjiang_savan,16.576875,Lvsong,Salicaceae,Trees,E,HDS,NO,24.3,734,0.145583333,NA,68.32855097,0.401460231,0.469343225,94.98089937,0.364537886,0.652416025
Cissus repanda,Yuanjiang_savan,76.135625,Lvsong,Vitaceae,Lias,D,HDS,NO,24.3,734,0.167416667,NA,72.63271166,0.405962842,0.433843971,66.81032913,0.253982755,0.399066176
Strophioblachia fimbricalyx,Yuanjiang_savan,76.420875,Lvsong,Euphorbiaceae,Trees,D,HDS,NO,24.3,734,0.160083333,NA,62.94835011,0.358098267,0.393222386,57.36769701,0.340915564,0.35836146
Clausena excavata,Yuanjiang_savan,26.429000000000002,Lvsong,Rutaceae,Trees,E,HDS,NO,24.3,734,0.14825,NA,88.93472028,0.482695147,0.599896933,125.6629542,0.403438348,0.847642187
Olea europaea,Yuanjiang_savan,17.627375,Lvsong,Oleaceae,Trees,E,HDS,NO,24.3,734,0.308416667,NA,239.3651364,0.574450907,0.776109601,178.3739213,0.464591017,0.578353703
Falconeria insignis,Yuanjiang_savan,91.452875,Lvsong,Euphorbiaceae,Trees,D,HDS,NO,24.3,734,0.128458334,NA,44.33285512,0.272980728,0.345114667,55.91057806,0.227262162,0.435242902
Ficus tinctoria,Yuanjiang_savan,43.821625,Lvsong,Moraceae,Trees,E,HDS,NO,24.3,734,0.208125,NA,72.68651367,0.355190046,0.34924451,79.27811679,0.291714387,0.380915876
Bombax ceiba,Yuanjiang_savan,54.85825,Lvsong,Malvaceae,Trees,D,HDS,NO,24.3,734,0.142483333,NA,53.96341467,0.351344309,0.378734927,53.46278927,0.204670397,0.375221355
Pistacia weinmanniifolia,Yuanjiang_savan,23.702008928571427,Lvsong,Acardiaceae,Trees,E,HDS,NO,24.3,734,0.218416667,NA,207.7295554,0.656609595,0.951070073,170.799104,0.543931987,0.781987503
Terminalia franchetii,Yuanjiang_savan,61.352875,Lvsong,Combretaceae,Trees,D,HDS,NO,24.3,734,0.129291667,NA,103.9992827,0.727230608,0.804377305,82.71583513,0.432970304,0.639761533
Cipadessa cinerascens,Yuanjiang_savan,68.554875,Lvsong,Meliaceae,Trees,D,HDS,NO,24.3,734,0.081416667,NA,38.95265425,0.386602609,0.478435874,39.82838656,0.343485808,0.489192054
Argyreia osyrensis,Yuanjiang_savan,96.88225,Lvsong,Convolvulaceae,Lias,D,HDS,NO,24.3,734,0.163958333,NA,73.92395987,0.269979788,0.450870404,48.0860165,0.135690172,0.293281931
Trema angustifolia,Yuanjiang_savan,29.6155,Lvsong,Canbaceae,Trees,D,HDS,NO,24.3,734,0.103416667,NA,68.86657106,0.473718499,0.665913658,89.77354264,0.309488851,0.868076155
Psidium guajava,Yuanjiang_savan,41.7758125,Lvsong,Myrtaceae,Trees,E,HDS,NO,24.3,734,0.15675,NA,94.09971311,0.498545718,0.600317149,103.7438927,0.406506472,0.661843016
Vitex negundo,Yuanjiang_savan,43.56875,Lvsong,Lamiaceae,Lias,E,HDS,NO,24.3,734,0.167583334,NA,59.23601151,0.303723869,0.353471972,90.35662512,0.375696265,0.53917429
Trigonostemon tuberculatus,Yuanjiang_savan,87.22225,Lvsong,Euphorbiaceae,Trees,E,HDS,NO,24.3,734,0.177083334,NA,133.6979915,0.705957005,0.75500042,70.31248204,0.350532906,0.397058721
Tarenna depauperata,Yuanjiang_savan,54.10425,Lvsong,Rubiaceae,Trees,E,HDS,NO,24.3,734,0.266208333,NA,129.8242468,0.413068491,0.487679125,132.5706944,0.389492943,0.497996035
Bauhinia calciphila,Yuanjiang_savan,59.143,Lvsong,Leguminosae,Lias,E,HDS,NO,24.3,734,0.112791667,NA,85.22238168,0.503155907,0.755573385,85.01161913,0.415306465,0.753704785
Eriobotrya henryi,Yuanjiang_savan,41.734375,Lvsong,Rosaceae,Trees,E,HDS,NO,24.3,734,0.171083333,NA,122.0767576,0.615421505,0.713551434,125.3774907,0.425246866,0.732844565
Myriopteron extensum,Yuanjiang_savan,55.8948125,Lvsong,Apocyceae,Lias,D,HDS,NO,24.3,734,0.109666667,NA,49.98206603,0.438469706,0.455763519,40.67215744,0.219865462,0.370870735
Polyalthia cerasoides,Yuanjiang_savan,50.177875,Lvsong,Annoceae,Trees,E,HDS,NO,24.3,734,0.11825,NA,51.91893834,0.444131433,0.439060789,54.82855599,0.365872869,0.463666435
Ficus racemosa,Yuanjiang_savan,41.913125,Lvsong,Moraceae,Trees,E,HDS,NO,24.3,734,0.177166667,NA,104.6987088,0.487977952,0.590961667,108.1316923,0.343709517,0.610338808
Smilax china,Yuanjiang_savan,50.140625,Lvsong,Smilacaceae,Lias,E,HDS,NO,24.3,734,0.208,NA,78.22812056,0.309285889,0.376096733,69.64089736,0.245605521,0.334812007
Woodfordia fruticosa,Yuanjiang_savan,53.711125,Lvsong,Lythraceae,Trees,D,HDS,NO,24.3,734,0.165666667,NA,113.8450503,0.579306769,0.687193461,149.62,0.36340437,0.903138831
Callicarpa nudiflora,Yuanjiang_savan,173.50675,Lvsong,Lamiaceae,Trees,D,HDS,NO,24.3,734,0.105125,NA,41.85796272,0.478564538,0.398173248,47.44765853,0.371010977,0.451345147
Broussonetia papyrifera,Yuanjiang_savan,79.046125,Lvsong,Moraceae,Trees,D,HDS,NO,24.3,734,0.340416667,NA,97.70444769,0.42528396,0.287014289,111.1411354,0.29590089,0.326485587
Bauhinia brachycarpa,Yuanjiang_savan,33.557,Lvsong,Leguminosae,Trees,D,HDS,NO,24.3,734,0.1,NA,77.74390248,0.448948773,0.777439025,63.01005528,0.383693462,0.630100553
Acrocarpus fraxinifolius,Yuanjiang_savan,43.9511875,Lvsong,Leguminosae,Trees,D,HDS,NO,24.3,734,0.118708333,NA,90.65638456,0.445082493,0.763690149,77.50421299,0.374263888,0.652896145
Bauhinia championii,Yuanjiang_savan,50.688125,Lvsong,Leguminosae,Lias,E,HDS,NO,24.3,734,0.098875,NA,84.20014352,0.652534724,0.85158173,77.35590779,0.464244464,0.782360635
