Species,Family,Growthform,EveDec,LeafType,Location,Garden,MAT,MAP,Biomes,Contributor,LMAdisc,LMAleaf,LDdisc,LDleaf,LDMCdisc,LDMCleaf,LTleaf,LTdisc,LAleaf
Lithocarpus pachyphyllus,Fagaceae,T,E,S,Ailao_understory,NO,NA,NA,STF,Chen Yajun,132.76612828337264,138.37018118333333,0.36289660983333333,0.47067986316666666,0.458196429,0.44411052233333337,0.2941666666666667,0.3450555555,67.283
Ternstroemia gymnanthera,Pentaphylacaceae,T,E,S,Ailao_understory,NO,NA,NA,STF,Chen Yajun,130.18235633860652,156.72891353333333,0.25385466133333334,0.3118545625,0.37925843233333334,0.37505127466666666,0.5020555555,0.4817222221666667,22.2935
Lyonia ovalifolia,Ericaceae,T,D,S,Ailao_understory,NO,NA,NA,STF,Chen Yajun,65.38930569513954,82.84795952666667,0.2734704505,0.3671060761666667,0.36201866050000003,0.4093257895,0.2261666665,0.22038888883333332,48.712666666666664
Litsea cubeba,Lauraceae,T,D,S,Ailao_understory,NO,NA,NA,STF,Chen Yajun,63.998043874921386,63.197959491666666,0.2988203973333333,0.30993416683333336,0.3670618491666667,0.30587178816666666,0.2034444445,0.20155555549999998,26.068
Viburnum cylindricum,Adoxaceae,T,E,S,Ailao_understory,NO,NA,NA,STF,Chen Yajun,92.61828710083728,119.09017336666668,0.2716369445,0.33672226516666665,0.3344615086666667,0.34182133583333335,0.3539444445,0.3234444445,57.21066666666667
Styrax perkinsiae,Styracaceae,T,D,S,Ailao_understory,NO,NA,NA,STF,Chen Yajun,70.75560130507861,83.62314963666667,0.37857592316666666,0.4018701548333333,0.43030011716666666,0.42298829683333333,0.21699999983333335,0.17711111116666667,36.99783333333333
Symplocos ramosissima,Symplocaceae,T,E,S,Ailao_understory,NO,NA,NA,STF,Chen Yajun,94.00954891928852,81.208611685,0.3641295495,0.36695117883333334,0.3965280255,0.36070205916666664,0.22116666666666668,0.24388888883333332,23.918666666666667
Rubus paniculatus,Rosaceae,L,D,S,Ailao_understory,NO,NA,NA,STF,Chen Yajun,78.90442055368712,85.212897555,0.24751507383333332,0.272704464,0.5077430125,0.409961413,0.31216666633333334,0.30072222233333334,55.034166666666664
Rhododendron leptothrium,Ericaceae,T,E,S,Ailao_understory,NO,NA,NA,STF,Chen Yajun,85.86072967421384,88.05410261166666,0.3951715038333333,0.4267550196666667,0.46116035916666664,0.40520820783333333,0.20616666666666666,0.20433333333333334,8.575999999999999
Camellia forrestii,Theaceae,T,E,S,Ailao_understory,NO,NA,NA,STF,Chen Yajun,123.62355057938287,129.36884351666666,0.3758778568333333,0.40702795766666666,0.4304543455,0.4449155955,0.3178333331666667,0.31022222233333335,9.991166666666667
Illicium burmanicum,Schisandraceae,T,E,S,Ailao_understory,NO,NA,NA,STF,Chen Yajun,96.59332087465606,89.02710872,0.25839243283333335,0.251110864,0.331313443,0.283193953,0.352888889,0.3525,51.97083333333333
Machilus gamblei,Lauraceae,T,E,S,Ailao_understory,NO,NA,NA,STF,Chen Yajun,62.209278673964235,100.98510098999999,0.23896137683333332,0.39378807183333336,0.3296370218333333,0.42894035766666666,0.25644444433333335,0.2459444445,28.47566666666667
Rhododendron delavayi,Ericaceae,T,E,S,Ailao_understory,NO,NA,NA,STF,Chen Yajun,123.4247988978479,144.87144068333333,0.2619460731666667,0.3292251253333333,0.4159666871666667,0.38507624383333333,0.4388888888333333,0.4448333333333333,39.655166666666666
Vaccinium duclouxii,Ericaceae,T,E,S,Ailao_understory,NO,NA,NA,STF,Chen Yajun,186.8265877104953,187.08073501666667,0.4027011781666667,0.4076754325,0.45677121833333334,0.4415704075,0.4565,0.4305,17.440833333333334
Lithocarpus hancei,Fagaceae,T,E,S,Ailao_understory,NO,NA,NA,STF,Chen Yajun,97.18957595283216,116.84972948333333,0.31995755416666666,0.4036759105,0.3825527235,0.42960875466666665,0.2895555556666667,0.2855,25.933666666666667
Ilex polyneura,Aquifoliaceae,T,D,S,Ailao_understory,NO,NA,NA,STF,Chen Yajun,78.70566886685143,96.71189202833334,0.34348818366666667,0.4282776245,0.4097501075,0.40068417216666663,0.22633333333333333,0.21638888883333335,32.100833333333334
Betula alnoides,Betulaceae,T,D,S,Ailao_understory,NO,NA,NA,STF,Chen Yajun,38.756579365851024,61.18345557333333,0.2383916185,0.34289213083333336,0.29216063000000003,0.3398351763333333,0.17766666650000001,0.15672222216666667,57.66166666666667
Rosa longicuspis,Rosaceae,L,E,C,Ailao_understory,NO,NA,NA,STF,Chen Yajun,109.31342896995874,87.63476394833333,0.40757458533333335,0.3369536815,0.41385531633333333,0.362381165,0.25688888883333333,0.2528333331666667,9.0985
Symplocos sumuntia,Symplocaceae,T,E,S,Ailao_understory,NO,NA,NA,STF,Chen Yajun,96.19581749921778,131.18851106666665,0.26068249033333335,0.32095286283333335,0.2984080903333333,0.312205625,0.4087777775,0.3462777776666667,22.031
Ilex szechwanensis,Aquifoliaceae,T,E,S,Ailao_understory,NO,NA,NA,STF,Chen Yajun,94.60580399393082,101.1634161,0.2897810165,0.362264241,0.358840112,0.38791611449999996,0.2793333333333333,0.3076111111666667,13.466000000000001
Symplocos poilanei,Symplocaceae,T,E,S,Ailao_understory,NO,NA,NA,STF,Chen Yajun,75.3268901517728,92.14362870666668,0.25647503033333335,0.31918821183333335,0.39512325383333335,0.3638339838333333,0.2888333335,0.276,26.992
Laurocerasus undulata,Rosaceae,T,E,S,Ailao_understory,NO,NA,NA,STF,Chen Yajun,71.1531046840507,86.346687275,0.32868534,0.4235826243333333,0.38857170366666666,0.39613203266666663,0.20377777766666666,0.20244444433333333,21.918833333333332
Cyclobalanopsis stewardiana,Fagaceae,T,E,S,Ailao_understory,NO,NA,NA,STF,Chen Yajun,110.30718742357311,132.7376243,0.3895591725,0.4592826881666667,0.5154919975,0.5170006495,0.2913333335,0.2679444445,33.518166666666666
Tetracentron sinense,Trochodendraceae,T,D,S,Ailao_understory,NO,NA,NA,STF,Chen Yajun,58.03549320447524,68.32685781333333,0.2731218778333333,0.2834621981666667,0.3456216226666667,0.32818113616666666,0.24011111133333335,0.205,70.1175
Actinidia callosa,Actinidiaceae,L,D,S,Ailao_understory,NO,NA,NA,STF,Chen Yajun,68.17182934617729,74.35582343,0.1984203505,0.23721939466666667,0.285919324,0.24483973566666667,0.31905555566666666,0.3438333333333333,75.8665
Sorbus globosa,Rosaceae,T,D,S,Ailao_understory,NO,NA,NA,STF,Chen Yajun,60.221761786171385,81.73379145333334,0.3435624225,0.4669495321666667,0.40015936150000003,0.42325149283333335,0.17438888916666667,0.16283333333333333,55.351166666666664
Ilex corallina,Aquifoliaceae,T,E,S,Ailao_understory,NO,NA,NA,STF,Chen Yajun,89.23950838575865,111.60883595,0.255381842,0.3397236101666667,0.3440072986666667,0.3606625998333333,0.3285555555,0.32944444433333336,8.400333333333334
Rubus wallichianus,Rosaceae,L,E,C,Ailao_understory,NO,NA,NA,STF,Chen Yajun,64.79305063286557,69.31125575666667,0.24810527683333333,0.2609974685,0.4522309373333333,0.3436997583333333,0.26366666666666666,0.24172222216666667,124.70933333333333
Ilex gintungensis,Aquifoliaceae,T,E,S,Ailao_understory,NO,NA,NA,STF,Chen Yajun,141.90870600149765,134.2572649,0.3469108873333333,0.3836923715,0.4831541993333333,0.44121571383333336,0.34772222216666665,0.384111111,37.61966666666667
Neolitsea chui,Lauraceae,T,E,S,Ailao_understory,NO,NA,NA,STF,Chen Yajun,71.35185636558569,99.96180688833334,0.30150756366666664,0.43053258833333335,0.41892687166666664,0.4585766121666667,0.2321666666666667,0.2219444445,43.712833333333336
Rhododendron decorum,Ericaceae,S,E,S,Ailao_understory,NO,NA,NA,STF,Chen Yajun,83.8732127828872,112.01144791333334,0.27343893216666665,0.33788083016666665,0.344117624,0.32198509433333333,0.33261111116666664,0.28761111100000003,88.929
Manglietia insignis,Magnoliaceae,T,E,S,Ailao_understory,NO,NA,NA,STF,Chen Yajun,83.6744610942846,84.76476250166667,0.25490658683333334,0.281970864,0.3366320268333333,0.3181335465,0.30038888883333337,0.31066666666666665,53.81733333333333
Eurya obliquifolia,Pentaphylacaceae,T,E,S,Ailao_understory,NO,NA,NA,STF,Chen Yajun,83.6744610942846,79.25891739,0.335658984,0.35691512616666665,0.41057347483333334,0.35850552983333334,0.22233333333333333,0.23494444450000002,20.64666666666667
Lithocarpus xylocarpus,Fagaceae,T,E,S,Ailao_understory,NO,NA,NA,STF,Chen Yajun,99.97209959503537,120.36740365,0.4104691733333333,0.44903329183333335,0.4386321421666667,0.45630473316666664,0.2709444445,0.22994444433333333,35.854
Litsea elongata,Lauraceae,T,E,S,Ailao_understory,NO,NA,NA,STF,Chen Yajun,69.16558779095716,84.61621190333334,0.34144054166666665,0.45296199016666666,0.43153087566666665,0.4220013378333333,0.1865555555,0.1909444445,23.675166666666666
Hartia sinensis,Theaceae,T,E,S,Ailao_understory,NO,NA,NA,STF,Chen Yajun,96.79207257916077,113.094611805,0.32518444333333335,0.378791503,0.3690237626666667,0.360516737,0.2984444445,0.2801666666666667,29.3465
Acer campbellii,Sapindaceae,T,D,S,Ailao_understory,NO,NA,NA,STF,Chen Yajun,68.56933272514938,91.98132335666666,0.404352805,0.520015093,0.423959764,0.44308761816666664,0.17772222216666667,0.15994444466666669,68.748
Clethra delavayi,Clethraceae,T,D,S,Ailao_understory,NO,NA,NA,STF,Chen Yajun,86.85448812076062,93.00201916666667,0.2718713523333333,0.36374923383333335,0.345206151,0.3382798558333333,0.25527777766666665,0.3031666666666667,33.85466666666667
Eriobotrya bengalensis,Rosaceae,T,E,S,Ailao_understory,NO,NA,NA,STF,Chen Yajun,125.41231579624214,123.5567003,0.36531584316666665,0.437068538,0.45471510866666665,0.41646493233333337,0.2827777776666667,0.31988888883333333,31.256666666666668
Machilus salicina,Lauraceae,S,E,S,Ailao_understory,NO,NA,NA,STF,Chen Yajun,98.38208608798153,108.17475245166666,0.43224129733333333,0.4340384025,0.4701955288333333,0.43036322433333335,0.24933333333333335,0.215611111,30.701833333333333
Neolitsea polycarpa,Lauraceae,T,E,S,Ailao_understory,NO,NA,NA,STF,Chen Yajun,77.31440704486636,81.13182009333333,0.4614800611666667,0.4864340478333333,0.4969865978333333,0.4756831871666667,0.16711111116666666,0.15883333333333333,19.161
Meliosma kirkii,Sabiaceae,T,D,C,Ailao_understory,NO,NA,NA,STF,Chen Yajun,71.74935974809159,54.318034456666666,0.2582144871666667,0.21136007366666668,0.3588118835,0.25653143566666664,0.25716666666666665,0.26188888883333333,44.7025
Symplocos anomala,Symplocaceae,T,E,S,Ailao_understory,NO,NA,NA,STF,Chen Yajun,38.359075986878935,54.92718721333333,0.15187484233333334,0.22787904616666668,0.21112709233333332,0.35377004683333335,0.2443333335,0.23427777783333334,22.031
Machilus yunnanensis,Lauraceae,T,E,S,Ailao_understory,NO,NA,NA,STF,Chen Yajun,100.56835466261006,122.81609592166666,0.43134169083333335,0.5526882926666666,0.4716061306666667,0.52789455,0.22072222233333333,0.21794444433333332,30.10066666666667
Castanopsis wattii,Fagaceae,T,E,S,Ailao_understory,NO,NA,NA,STF,Chen Yajun,88.44450163134827,91.00316283333333,0.41567548416666666,0.501468503,0.4878535628333333,0.4582599176666667,0.18127777766666667,0.20083333316666668,25.499333333333333
Cerasus cerasoides,Rosaceae,T,D,S,Ailao_understory,NO,NA,NA,STF,Chen Yajun,34.185290517389944,51.52536856166667,0.156852394,0.2959487955,0.22320936866666666,0.32046483566666667,0.17311111116666666,0.20350000000000001,45.740833333333335
Schima noronhae,Theaceae,T,E,S,Ailao_understory,NO,NA,NA,STF,Chen Yajun,79.30192393265921,96.16169647166667,0.28341700233333333,0.36930733383333336,0.3386177908333333,0.36193174116666665,0.2605555555,0.2637222223333333,42.36233333333333
Semecarpus reticulatus,Anacardiaceae,T,E,S,Mengla_Bubeng,NO,NA,NA,TRF,Chen Yajun,95.202059052671,108.64735650333333,0.3431893696666667,0.3877250885,0.3777772486666667,0.37858202916666667,0.2794444443333333,0.26155555566666666,62.566833333333335
Pseuduvaria trimera,Annonaceae,T,E,S,Mengla_Bubeng,NO,NA,NA,TRF,Chen Yajun,73.33937326044615,75.33376751333333,0.43499592266666665,0.47036567766666665,0.41557426216666665,0.4281770671666667,0.1600555555,0.1595555555,72.9675
Uncaria macrophylla,Rubiaceae,L,D,S,Mengla_Bubeng,NO,NA,NA,TRF,Chen Yajun,93.41329386231526,96.50598043666666,0.273902794,0.2961921891666667,0.49973040316666667,0.3967914965,0.3254444445,0.32083333333333336,64.65866666666666
Pometia tomentosa,Sapindaceae,T,D,C,Mengla_Bubeng,NO,NA,NA,TRF,Chen Yajun,74.53188339559553,81.87767972333333,0.6160439808333333,0.6537450093333333,0.6327324026666666,0.48820070416666667,0.125388889,0.1145,88.26766666666667
Diospyros hasseltii,Ebenaceae,T,D,S,Mengla_Bubeng,NO,NA,NA,TRF,Chen Yajun,72.34561481743317,82.79321743999999,0.27488791166666665,0.32729310933333333,0.34259981500000003,0.30287581933333335,0.2517222221666667,0.24705555566666665,85.4765
Castanopsis indica,Fagaceae,T,E,S,Mengla_Bubeng,NO,NA,NA,TRF,Chen Yajun,116.26973810462067,118.54280798333333,0.37281472216666667,0.385144888,0.5470018728333333,0.4874005298333333,0.308388889,0.296,43.53666666666667
Colona thorelii,Malvaceae,T,E,S,Mengla_Bubeng,NO,NA,NA,TRF,Chen Yajun,73.14062157184355,67.44867893166668,0.29569155233333333,0.291322335,0.4368227755,0.4113815375,0.23194444466666667,0.23255555566666666,37.993
Barringtonia macrostachya,Lecythidaceae,T,E,S,Mengla_Bubeng,NO,NA,NA,TRF,Chen Yajun,97.38832763436714,89.106991055,0.36203275283333336,0.34253932766666667,0.41471935016666667,0.29180731816666666,0.26027777766666665,0.25377777766666665,159.04266666666666
Lindera metcalfiana,Lauraceae,T,E,S,Mengla_Bubeng,NO,NA,NA,TRF,Chen Yajun,56.44547969212068,69.49318402666667,0.3424153615,0.45220052483333334,0.42069656516666665,0.3916235358333333,0.15366666666666667,0.155111111,58.251333333333335
Embelia longifolia,Primulaceae,L,E,S,Mengla_Bubeng,NO,NA,NA,TRF,Chen Yajun,71.7493597498585,77.41052131000001,0.21775084316666668,0.259736985,0.2649904046666667,0.2504239406666667,0.298,0.3111111111666667,23.416666666666668
Stixis suaveolens,Capparaceae,L,E,S,Mengla_Bubeng,NO,NA,NA,TRF,Chen Yajun,51.47668746822131,83.51577923333333,0.2302903885,0.40004560733333333,0.312629603,0.336016133,0.2085555555,0.21122222216666667,82.80499999999999
Bauhinia aurea,Leguminosae,L,E,S,Mengla_Bubeng,NO,NA,NA,TRF,Chen Yajun,93.81079722891903,75.17466604833334,0.45516762516666665,0.38293908283333333,0.5728914461666667,0.4147244231666667,0.19633333349999998,0.1940555555,128.11466666666666
Capparis fohaiensis,Capparaceae,L,E,S,Mengla_Bubeng,NO,NA,NA,TRF,Chen Yajun,181.06278872511794,193.6938294,0.3587834723333333,0.40276862383333334,0.48360519116666667,0.37827886099999997,0.481,0.47611111100000003,210.74366666666668
Alseodaphne andersonii,Lauraceae,T,E,S,Mengla_Bubeng,NO,NA,NA,TRF,Chen Yajun,106.92840872262973,114.53908100166666,0.3424402,0.366770439,0.4646657316666667,0.3680009931666667,0.3144999998333333,0.2950555555,195.89866666666666
Ficus drupacea,Moraceae,T,E,S,Mengla_Bubeng,NO,NA,NA,TRF,Chen Yajun,141.51120260662344,161.16218080000002,0.38285662783333335,0.4283775045,0.4888886655,0.37727403016666666,0.3777222221666667,0.35000000016666666,296.339
Fissistigma maclurei,Annonaceae,L,E,S,Mengla_Bubeng,NO,NA,NA,TRF,Chen Yajun,67.97307765757469,67.796980085,0.357687931,0.3973520615,0.4279768483333333,0.4033683433333333,0.1713333335,0.179388889,58.49166666666667
Garcinia cowa,Clusiaceae,T,E,S,Mengla_Bubeng,NO,NA,NA,TRF,Chen Yajun,84.07196447502359,93.02114502666666,0.2363569825,0.27669275283333333,0.2782541078333333,0.2612854216666667,0.3365555555,0.336,27.46816666666667
Bauhinia glauca subsp. tenuiflora,Leguminosae,L,E,S,Mengla_Bubeng,NO,NA,NA,TRF,Chen Yajun,55.6504729359434,55.84189899166667,0.2875716705,0.31690355433333334,0.3644504823333333,0.31930896983333334,0.17572222216666666,0.18205555533333334,35.81616666666667
Sloanea tomentosa,Elaeocarpaceae,T,E,S,Mengla_Bubeng,NO,NA,NA,TRF,Chen Yajun,88.24574994097878,91.41216524833334,0.353247643,0.3652820795,0.6180230395,0.396495388,0.2513888888333333,0.24216666666666667,64.5025
Ficus sagittata,Moraceae,L,D,S,Mengla_Bubeng,NO,NA,NA,TRF,Chen Yajun,160.79011644878145,177.64932318333334,0.4608369525,0.5174189038333333,0.519564176,0.4299475016666667,0.3428333331666667,0.3286111111666667,37.651333333333334
Parashorea chinensis,Dipterocarpaceae,T,E,S,Mengla_Bubeng,NO,NA,NA,TRF,Chen Yajun,73.14062157361046,81.015800455,0.33744900883333334,0.36182564066666667,0.46145424333333335,0.3742590646666667,0.22394444433333333,0.20527777766666666,58.8885
Combretum latifolium,Combretaceae,L,D,S,Mengla_Bubeng,NO,NA,NA,TRF,Chen Yajun,94.00954892105544,74.54139793666667,0.393007848,0.3181453748333333,0.4720827063333333,0.3295080205,0.23572222216666666,0.22611111116666666,80.08716666666666
Lithocarpus craibianus,Fagaceae,T,E,S,Mengla_Bubeng,NO,NA,NA,TRF,Chen Yajun,79.10317224405661,83.06212117166666,0.34380784833333333,0.3943238095,0.408064703,0.4013546895,0.21161111083333334,0.2180555555,61.038833333333336
Duabanga grandiflora,Lythraceae,T,E,S,Mengla_Bubeng,NO,NA,NA,TRF,Chen Yajun,129.18859788675906,139.10042215000001,0.3624522331666667,0.44186768483333333,0.49855134216666663,0.40027214883333334,0.3144999998333333,0.335888889,297.4111666666667
Croton tiglium spp. A,Euphorbiaceae,T,D,S,Mengla_Bubeng,NO,NA,NA,TRF,Chen Yajun,55.84922462454599,68.23021219333333,0.27057279866666667,0.36797078633333336,0.321978725,0.3258091085,0.18533333333333335,0.1949444445,88.7085
Croton tiglium spp. B,Euphorbiaceae,T,D,S,Mengla_Bubeng,NO,NA,NA,TRF,Chen Yajun,72.34561481389939,49.91461734833333,0.3206750136666667,0.27312938816666665,0.504213044,0.2654137013333333,0.18377777783333332,0.21622222216666667,64.524
Fissistigma polyanthum,Annonaceae,L,E,S,Mengla_Bubeng,NO,NA,NA,TRF,Chen Yajun,86.05948136104954,75.22182178166666,0.3583649405,0.3547597358333333,0.47854466316666666,0.4225645143333333,0.21238888883333334,0.22816666666666668,45.6255
Cleidion brevipetiolatum,Euphorbiaceae,T,E,S,Mengla_Bubeng,NO,NA,NA,TRF,Chen Yajun,58.830499962419424,66.43991157166667,0.2805166985,0.341724134,0.3993854995,0.35839459383333333,0.1944444445,0.19894444449999998,88.95666666666666
Uncaria laevigata,Rubiaceae,L,D,S,Mengla_Bubeng,NO,NA,NA,TRF,Chen Yajun,69.76184286029874,75.16579348,0.3771303968333333,0.411733437,0.3762201428333333,0.3811664558333333,0.18238888883333335,0.17483333316666666,65.957
Aglaia lawii,Meliaceae,T,D,C,Mengla_Bubeng,NO,NA,NA,TRF,Chen Yajun,110.9034424929147,117.29045357166666,0.3119019615,0.3645608831666667,0.3437686925,0.32667623133333334,0.32177777766666665,0.3363333335,151.728
Sargentodoxa cuneata,Lardizabalaceae,L,D,C,Mengla_Bubeng,NO,NA,NA,TRF,Chen Yajun,76.0225210671826,81.0501093,0.2624876205,0.28484915391666665,0.42391268875,0.31958942383333333,0.2974722221666667,0.29055555558333335,60.52125
Garuga pinnata,Burseraceae,T,D,C,Mengla_Bubeng,NO,NA,NA,TRF,Chen Yajun,73.93562832978773,91.7615691,0.399151751,0.5218917613333333,0.45994411366666665,0.4208255106666667,0.17583333333333334,0.1753,36.29833333333333
Litsea dilleniifolia,Lauraceae,T,E,S,Mengla_Bubeng,NO,NA,NA,TRF,Chen Yajun,101.16460972488404,99.01749053666667,0.333840764,0.37883889233333334,0.45997489416666665,0.3055048845,0.26088888883333333,0.285388889,345.67216666666667
Tetracera sarmentosa,Dilleniaceae,L,E,S,Mengla_Bubeng,NO,NA,NA,TRF,Chen Yajun,46.11039186181604,54.112626784999996,0.19112772466666667,0.23764105416666667,0.27655349,0.2599219111666667,0.2275,0.227111111,80.93266666666666
Strychnos angustiflora,Loganiaceae,L,E,S,Mengla_Bubeng,NO,NA,NA,TRF,Chen Yajun,64.79305063286557,65.78184290333334,0.3334360728333333,0.3597860315,0.36368639950000003,0.356806911,0.18311111116666667,0.18305555566666667,34.379
Mussaenda pubescens,Rubiaceae,L,D,S,Mengla_Bubeng,NO,NA,NA,TRF,Chen Yajun,64.39554725566038,67.24630393833333,0.24025362133333333,0.2706850768333333,0.3611401301666667,0.2931422578333333,0.24877777783333332,0.25344444433333335,55.96066666666667
Ficus langkokensis,Moraceae,T,D,S,Mengla_Bubeng,NO,NA,NA,TRF,Chen Yajun,63.998043876688286,57.653427289999996,0.2856873403333333,0.3004188758333333,0.4177563163333333,0.3631638363333333,0.19166666666666668,0.2120555555,37.42916666666667
Canarium album,Burseraceae,T,D,C,Mengla_Bubeng,NO,NA,NA,TRF,Chen Yajun,115.27597966867532,119.24162778333333,0.4895560763333333,0.5597297856666666,0.551746144,0.42012289383333334,0.21316666683333332,0.2219444445,61.85316666666667
Pittosporopsis kerrii,Icacinaceae,T,D,S,Mengla_Bubeng,NO,NA,NA,TRF,Chen Yajun,81.88569589156054,83.69357169666667,0.2947917555,0.31821163350000004,0.4165088285,0.37300220566666664,0.26205555566666666,0.26116666666666666,53.30416666666667
Ficus semicordata,Moraceae,T,D,S,Mengla_Bubeng,NO,NA,NA,TRF,Chen Yajun,29.614001668928854,37.05990829833333,0.140454185,0.19264031483333333,0.2409099565,0.23047031133333334,0.19316666666666665,0.1989444445,179.17666666666668
Harpullia cupanioides,Sapindaceae,T,E,S,Mengla_Bubeng,NO,NA,NA,TRF,Chen Yajun,60.221761782637586,68.17942835666666,0.378158647,0.46012200183333335,0.41284310916666667,0.38434233316666666,0.14783333333333334,0.14999999983333334,105.8895
Dysoxylum lenticellatum,Meliaceae,T,D,C,Mengla_Bubeng,NO,NA,NA,TRF,Chen Yajun,83.6744610907508,95.53913200333334,0.28527076166666665,0.3379684511666667,0.353447853,0.33229382483333336,0.2826666666666667,0.276888889,59.588499999999996
Nephelium chryseum,Sapindaceae,T,E,C,Mengla_Bubeng,NO,NA,NA,TRF,Chen Yajun,78.30816548787934,84.85117019500001,0.46385955133333334,0.5469116581666666,0.5012579285,0.4339420975,0.15438888866666667,0.159111111,41.64833333333333
Glochidion puberum,Phyllanthaceae,S,D,S,Mengla_Bubeng,NO,NA,NA,TRF,Chen Yajun,67.77432596720519,47.30070466833333,0.34069040633333336,0.2513260815,0.46813738450000003,0.296704914,0.18861111116666668,0.191611111,79.538
Phoebe lanceolata,Lauraceae,T,E,S,Mengla_Bubeng,NO,NA,NA,TRF,Chen Yajun,55.849224628079796,72.64524461666667,0.3831061998333333,0.5012432325,0.454077056,0.428108359,0.14516666666666667,0.13733333316666665,41.9935
Poikilospermum suaveolens,Urticaceae,L,E,S,Mengla_Bubeng,NO,NA,NA,TRF,Chen Yajun,39.154082744823114,42.71811529166666,0.14566714783333334,0.18822438966666666,0.20000148016666666,0.1320015185,0.22322222233333333,0.25294444450000003,171.22066666666666
Alnus cremastogyne,Betulaceae,T,E,S,Mengla_Bubeng,NO,NA,NA,TRF,Chen Yajun,81.88569588979364,85.466171195,0.3933978501666667,0.4467804455,0.4409303245,0.415581,0.1914444445,0.19627777800000001,51.493833333333335
Heteropanax fragrans,Araliaceae,T,E,C,Mengla_Bubeng,NO,NA,NA,TRF,Chen Yajun,93.01579047627555,92.86177063166667,0.351218184,0.3605539073333333,0.4626234421666667,0.381184699,0.25761111133333336,0.24972222233333335,26.003666666666668
Baccaurea ramiflora,Phyllanthaceae,T,E,S,Mengla_Bubeng,NO,NA,NA,TRF,Chen Yajun,66.78056752242532,63.109309805,0.23880310066666668,0.2367505195,0.37364009766666667,0.23187869933333333,0.26677777783333334,0.265388889,96.30766666666666
Symplocos cochinchinensis,Symplocaceae,T,E,S,Mengla_Bubeng,NO,NA,NA,TRF,Chen Yajun,108.31967053047956,135.67746651166667,0.3460086748333333,0.43469749766666665,0.3832663525,0.40593560133333334,0.31105555566666665,0.29511111116666666,69.07316666666667
Canthium simile,Rubiaceae,T,E,S,Mengla_Bubeng,NO,NA,NA,TRF,Chen Yajun,76.51940028868908,95.23955517333333,0.3392915995,0.40103117033333335,0.4458160758333333,0.38958370166666667,0.23672222216666666,0.217111111,29.177500000000002
Celtis timorensis,Cannabaceae,T,E,S,Mengla_Bubeng,NO,NA,NA,TRF,Chen Yajun,118.8535100546875,118.90982622166666,0.3984170436666667,0.4341700373333333,0.3990445756666667,0.44538701533333336,0.27127777766666666,0.28150000000000003,54.66116666666667
Balakata baccata,Euphorbiaceae,T,E,S,Mengla_Bubeng,NO,NA,NA,TRF,Chen Yajun,68.17182934794418,77.72431224666667,0.321493021,0.40690607666666667,0.377875058,0.33108991,0.19033333316666667,0.19972222233333334,90.52783333333333
Lithocarpus grandifolius,Fagaceae,T,E,S,Mengla_Bubeng,NO,NA,NA,TRF,Chen Yajun,111.69844923849057,119.75470513333333,0.40577211583333334,0.4737120805,0.6660755086666668,0.4639050445,0.2533888888333333,0.25983333350000004,223.81066666666666
Cinnamomum bejolghota,Lauraceae,T,E,S,Mengla_Bubeng,NO,NA,NA,TRF,Chen Yajun,108.91592559805426,123.89465108333333,0.31882709033333334,0.375946324,0.44989947233333333,0.4116077201666667,0.329722222,0.3226111111666667,82.18633333333334
Cinnamomum tenuipile,Lauraceae,T,E,S,Mengla_Bubeng,NO,NA,NA,TRF,Chen Yajun,89.23950838575865,91.976977575,0.46954057816666667,0.5202292958333333,0.45266403983333336,0.4347334535,0.17733333333333334,0.1795555555,52.5375
Elaeocarpus sylvestris,Elaeocarpaceae,T,E,S,Mengla_Bubeng,NO,NA,NA,TRF,Chen Yajun,84.66821953729756,75.10028966166666,0.4697832436666667,0.44017987133333336,0.507606829,0.370114393,0.17072222233333334,0.17061111133333334,48.493833333333335
Drypetes hoaensis,Putranjivaceae,T,E,S,Mengla_Bubeng,NO,NA,NA,TRF,Chen Yajun,72.14686312706368,73.725405075,0.441496402,0.44262969533333335,0.5260776698333334,0.44194245283333333,0.16611111116666666,0.1544444445,12.908833333333334
Pterospermum menglunense,Malvaceae,T,D,S,Mengla_Bubeng,NO,NA,NA,TRF,Chen Yajun,89.04075668832155,97.78799108666666,0.2802288645,0.33060809466666663,0.46618452433333335,0.4398425675,0.2958888888333333,0.2961666668333333,27.643
Ilex godajam,Aquifoliaceae,T,E,S,Mengla_Bubeng,NO,NA,NA,TRF,Chen Yajun,84.27071615832548,87.0512333,0.30864238683333334,0.37727999166666665,0.4647860225,0.383747655,0.23099999999999998,0.2594444445,40.19466666666667
Olea europaea,Oleaceae,T,E,S,Yuanjiang_Savanna,NO,NA,NA,HDS,Chen Yajun,165.16265361924138,138.28567998333332,0.388259696,0.353074508,0.4580895368333333,0.4209308296666667,0.3893333333333333,0.40099999999999997,5.545166666666667
Callicarpa nudiflora,Lamiaceae,S,D,S,Yuanjiang_Savanna,NO,NA,NA,HDS,Chen Yajun,71.35185637088641,53.75642296666667,0.3832567221666667,0.302146944,0.5361566893333334,0.2322021845,0.18,0.17755555550000002,113.288
Myriopteron extensum,Apocynaceae,L,D,S,Yuanjiang_Savanna,NO,NA,NA,HDS,Chen Yajun,48.69416381895047,39.850252311666665,0.21152524,0.19007329916666668,0.38194124133333335,0.20758430533333333,0.20816666666666667,0.2165,110.39016666666667
Dregea volubilis,Apocynaceae,L,D,S,Yuanjiang_Savanna,NO,NA,NA,HDS,Chen Yajun,36.76906247805818,60.799669718000004,0.16980156800000001,0.244501197,0.2459522125,0.2178574315,0.2408333335,0.20516666666666666,170.0072
Bombax ceiba,Malvaceae,T,D,C,Yuanjiang_Savanna,NO,NA,NA,HDS,Chen Yajun,118.65475835548351,117.12779271666666,0.3097480516666667,0.3268295938333333,0.3721703275,0.31193819733333333,0.35972222216666666,0.36161111116666667,68.767
Bauhinia calciphila,Leguminosae,L,E,S,Yuanjiang_Savanna,NO,NA,NA,HDS,Chen Yajun,50.880432400646626,71.75916811333333,0.30068416833333333,0.43262463633333337,0.333221412,0.408028682,0.16494444433333333,0.160888889,33.622166666666665
Cissus repanda,Vitaceae,L,D,S,Yuanjiang_Savanna,NO,NA,NA,HDS,Chen Yajun,71.15310468228381,100.90448703166666,0.2738742665,0.39850743866666666,0.3546622106666667,0.2641401015,0.25205555550000003,0.24477777783333332,124.3925
Argyreia osyrensis,Convolvulaceae,L,D,S,Yuanjiang_Savanna,NO,NA,NA,HDS,Chen Yajun,66.58181583382273,81.67515403,0.186672895,0.232692747,0.2789127361666667,0.26914058166666666,0.36816666649999996,0.338111111,127.248
Bauhinia championii,Leguminosae,L,E,S,Yuanjiang_Savanna,NO,NA,NA,HDS,Chen Yajun,64.59429894249607,81.694113355,0.271156006,0.33072930866666667,0.3254760663333333,0.38163946616666666,0.24844444433333335,0.22483333316666665,46.52133333333333
Jasminum seguinii,Oleaceae,L,E,S,Yuanjiang_Savanna,NO,NA,NA,HDS,Chen Yajun,91.02827359024961,77.24107354666667,0.27824030883333334,0.2734834311666667,0.3408833741666667,0.26867642383333334,0.27466666666666667,0.3099444445,22.841833333333334
Ficus racemosa,Moraceae,T,E,S,Yuanjiang_Savanna,NO,NA,NA,HDS,Chen Yajun,86.05948136104954,80.97882369333333,0.36212766966666665,0.36089058783333333,0.46271729466666667,0.3035969065,0.21972222216666668,0.22233333333333333,61.885333333333335
Burretiodendron kydiifolium,Malvaceae,T,D,S,Yuanjiang_Savanna,NO,NA,NA,HDS,Chen Yajun,83.07820602494301,75.40707109333333,0.3447836886666667,0.3362865901666667,0.45721287483333334,0.34322704316666663,0.2240555555,0.22772222216666665,106.80416666666666
Lannea coromandelica,Anacardiaceae,T,D,C,Yuanjiang_Savanna,NO,NA,NA,HDS,Chen Yajun,66.38306414522013,70.95857608166666,0.33551480866666666,0.3237384165,0.409496563,0.33545476716666667,0.2195555555,0.1873333335,40.515166666666666
Strophioblachia fimbricalyx,Euphorbiaceae,S,D,S,Yuanjiang_Savanna,NO,NA,NA,HDS,Chen Yajun,65.19055401007076,62.93616293833333,0.31255059733333335,0.29022054166666666,0.42774964583333336,0.3586806123333333,0.21949999983333335,0.19727777766666668,104.56266666666667
Tarenna depauperata,Rubiaceae,S,E,S,Yuanjiang_Savanna,NO,NA,NA,HDS,Chen Yajun,87.649494875171,138.43601871666667,0.29740120016666666,0.4297996325,0.32475983783333334,0.388104031,0.321611111,0.2794444443333333,77.71733333333333
Trigonostemon tuberculatus,Euphorbiaceae,S,E,S,Yuanjiang_Savanna,NO,NA,NA,HDS,Chen Yajun,31.8002702488581,58.062767705,0.13988072466666668,0.277227799,0.22391856616666667,0.29816386966666664,0.21072222216666667,0.21433333333333332,92.46666666666667
Campylotropis delavayi,Leguminosae,S,E,C,Yuanjiang_Savanna,NO,NA,NA,HDS,Chen Yajun,88.44450163134827,91.40146582666667,0.258791853,0.2898038123333333,0.47066699283333335,0.38715465083333334,0.31544444433333335,0.32249999983333333,27.625833333333333
Bauhinia brachycarpa,Leguminosae,S,D,S,Yuanjiang_Savanna,NO,NA,NA,HDS,Chen Yajun,71.94811144022799,71.94157202333334,0.3497438093333333,0.39743339433333336,0.42526082183333336,0.3920072313333334,0.1815,0.19566666683333334,27.52916666666667
Terminalia franchetii,Combretaceae,T,D,S,Yuanjiang_Savanna,NO,NA,NA,HDS,Chen Yajun,84.07196446972289,89.68322369833334,0.42370263383333334,0.4817578611666667,0.4883172588333333,0.4694307503333333,0.18605555566666665,0.18677777783333332,42.015
Woodfordia fruticosa,Lythraceae,S,D,S,Yuanjiang_Savanna,NO,NA,NA,HDS,Chen Yajun,93.41329385524764,103.19935878166666,0.28832662233333334,0.337025476,0.3845102051666667,0.3440004253333333,0.30683333333333335,0.3058888888333333,25.405333333333335
Polyalthia cerasoides,Annonaceae,T,E,S,Yuanjiang_Savanna,NO,NA,NA,HDS,Chen Yajun,65.98556076624804,64.23492225166667,0.38088651616666663,0.4177806615,0.5475027641666667,0.41023276216666665,0.15427777783333332,0.1638333335,43.348
Diospyros yunnanensis,Ebenaceae,T,E,S,Yuanjiang_Savanna,NO,NA,NA,HDS,Chen Yajun,135.54865193971108,122.50490535,0.49560191,0.4617062695,0.5549910588333333,0.47082085500000004,0.2655,0.25927777783333333,5.424166666666666
Psidium guajava,Myrtaceae?,T,E,S,Yuanjiang_Savanna,NO,NA,NA,HDS,Chen Yajun,79.69942731339819,88.35378858833333,0.3538496435,0.37202598566666667,0.40401864033333335,0.3402703033333333,0.23766666683333332,0.21494444433333335,33.6265
Bridelia stipularis,Phyllanthaceae,L,D,S,Yuanjiang_Savanna,NO,NA,NA,HDS,Chen Yajun,87.84824656023979,82.706263155,0.41590255266666665,0.43202726216666665,0.4648147733333333,0.4312563601666667,0.19216666666666665,0.1994444445,20.806833333333334
Maytenus hookeri,Celastraceae,S,E,S,Yuanjiang_Savanna,NO,NA,NA,HDS,Chen Yajun,92.81703878943988,76.64839698166666,0.33716228033333334,0.31778355766666666,0.3636029888333333,0.339885131,0.2414444445,0.25955555566666666,8.802333333333333
Murraya exotica,Rutaceae,S,E,C,Yuanjiang_Savanna,NO,NA,NA,HDS,Chen Yajun,103.74838167848468,92.55542648,0.36882134850000003,0.393674117,0.4584707855,0.390977409,0.23805555533333334,0.2647222221666667,33.56733333333334
Carissa spinarum,Apocynaceae,S,E,S,Yuanjiang_Savanna,NO,NA,NA,HDS,Chen Yajun,141.51120259248822,151.07971081666668,0.3715395636666667,0.39169533916666666,0.41438399849999996,0.417129089,0.38505555533333335,0.3545555555,6.42
Salix myrtillacea,Salicaceae?,S,E,S,Yuanjiang_Savanna,NO,NA,NA,HDS,Chen Yajun,70.9543529919143,80.39141825833333,0.27894677533333334,0.3290909595,0.34712060933333333,0.33742722566666666,0.24433333333333335,0.23966666666666667,15.073833333333333
Trema angustifolia,Cannabaceae,T,D,S,Yuanjiang_Savanna,NO,NA,NA,HDS,Chen Yajun,44.12287497225629,54.08225651666667,0.24101301583333334,0.3176278278333333,0.27353481083333336,0.318021542,0.17122222233333334,0.17316666666666666,14.7195
Falconeria insignis,Euphorbiaceae,T,D,S,Yuanjiang_Savanna,NO,NA,NA,HDS,Chen Yajun,56.44547969035378,53.996084841666665,0.23051022633333335,0.24210100566666667,0.3087673378333333,0.22385289266666666,0.22249999983333335,0.232388889,87.54883333333333
Melochia corchorifolia,Sterculiaceae,S,E,S,Yuanjiang_Savanna,NO,NA,NA,HDS,Chen Yajun,55.054217870135616,75.81998651666667,0.177093633,0.2656432215,0.357784785,0.33441698266666664,0.286,0.2930555556666667,38.78183333333333
Mangifera indica,Anacardiaceae,T,E,S,Yuanjiang_Savanna,NO,NA,NA,HDS,Chen Yajun,70.35809792787343,109.12159491666667,0.3575788835,0.5266417886666667,0.3734165645,0.3872127951666667,0.20766666683333335,0.185611111,105.36083333333333
Haldina cordifolia,Rubiaceae,T,D,S,Yuanjiang_Savanna,NO,NA,NA,HDS,Chen Yajun,73.14062157184355,83.226588445,0.22645351366666666,0.2706821568333333,0.369120267,0.3267740471666667,0.3072777778333333,0.3063888888333333,142.32666666666665
Reinwardtia indica,Linaceae,S,E,C,Yuanjiang_Savanna,NO,NA,NA,HDS,Chen Yajun,118.65475838375393,97.340605355,0.3792114955,0.3068672591666667,0.4712525808333333,0.3692864855,0.3157777776666667,0.2955555555,18.692833333333333
Castanopsis wattii,Fagaceae,Trees,E,NA,Ailao_canopy,NO,11.7,1728,STF,Li Peifu,146.8152866,119.0193586,0.567767786,0.460274671,0.500481618,0.460778057,0.258583333,NA,21.136333333333333
Magnolia floribunda,Magnoliaceae,Trees,E,NA,Ailao_canopy,NO,11.7,1728,STF,Li Peifu,146.4968153,142.9056934,0.573123816,0.559074654,0.454145065,0.418049091,0.255611111,NA,36.74783333333333
Symplocos ramosissima,Symplocaceae,Trees,E,NA,Ailao_canopy,NO,11.7,1728,STF,Li Peifu,117.9759377,109.2527049,0.552724329,0.511855461,0.438225987,0.384731885,0.213444445,NA,36.804
Elaeocarpus japonicus,Elaeocarpaceae,Trees,E,NA,Ailao_canopy,NO,11.7,1728,STF,Li Peifu,155.3432413,148.281137,0.596072979,0.568974732,0.46826714,0.43021836,0.260611111,NA,24.064833333333333
Lithocarpus xylocarpus,Fagaceae,Trees,E,NA,Ailao_canopy,NO,11.7,1728,STF,Li Peifu,185.9872612,143.0237063,0.683916383,0.525929869,0.543173156,0.482037483,0.271944445,NA,30.537333333333333
Schima noronhae,Theaceae,Trees,E,NA,Ailao_canopy,NO,11.7,1728,STF,Li Peifu,153.6447275,139.2928714,0.607291413,0.550564709,0.426664218,0.437019035,0.253,NA,45.2485
Machilus yunnanensis,Lauraceae,Trees,E,NA,Ailao_canopy,NO,11.7,1728,STF,Li Peifu,153.0785563,154.1236117,0.661246463,0.665760742,0.550250143,0.498827995,0.2315,NA,24.787166666666668
Manglietia insignis,Magnoliaceae,Trees,E,NA,Ailao_canopy,NO,11.7,1728,STF,Li Peifu,137.3673036,135.8599256,0.420870036,0.416251687,0.390162734,0.342590963,0.326388889,NA,53.03966666666667
Hartia sinensis,Theaceae,Trees,E,NA,Ailao_canopy,NO,11.7,1728,STF,Li Peifu,206.227884,227.8454124,0.556286815,0.614598745,0.47551896,0.405051638,0.370722222,NA,15.352333333333332
Cyclobalanopsis stewardiana,Fagaceae,Trees,E,NA,Ailao_canopy,NO,11.7,1728,STF,Li Peifu,162.7034678,145.2541511,0.751517172,0.670919867,0.568044653,0.508645616,0.2165,NA,25.020833333333332
Anisoptera costata,Dipterocarpaceae,Trees,D,NA,Garden_dipterocarps,YES,21.4,1415,TRF,Chompoo,64.50860836,87.88325448,0.518314899,0.706125917,0.460913122,0.424828771,0.124458333,NA,67.53633333333333
Dipterocarpus alatus,Dipterocarpaceae,Trees,D,NA,Garden_dipterocarps,YES,21.4,1415,TRF,Chompoo,73.27833577,85.32368189,0.456089226,0.53106026,0.48029297,0.36658347,0.160666667,NA,89.245
Dipterocarpus gracilis,Dipterocarpaceae,Trees,E,NA,Garden_dipterocarps,YES,21.4,1415,TRF,Chompoo,92.00143477,88.00930833,0.617114153,0.590336334,0.434692743,0.416041807,0.149083333,NA,114.6976
Dipterocarpus intricatus,Dipterocarpaceae,Trees,D,NA,Garden_dipterocarps,YES,21.4,1415,TRF,Chompoo,101.6857963,163.1832567,0.513240612,0.823637889,0.453791049,0.489844647,0.198125,NA,164.3253
Dipterocarpus obtusifolius,Dipterocarpaceae,Trees,D,NA,Garden_dipterocarps,YES,21.4,1415,TRF,Chompoo,109.7022956,130.8860185,0.39897789,0.476021283,0.502464685,0.443687292,0.274958333,NA,98.5535
Dipterocarpus retusus,Dipterocarpaceae,Trees,E,NA,Garden_dipterocarps,YES,21.4,1415,TRF,Chompoo,71.23385944,174.8095434,0.492825778,1.20940589,0.378423153,0.45229013,0.144541667,NA,354.0983
Dipterocarpus rigidus,Dipterocarpaceae,Trees,E,NA,Garden_dipterocarps,YES,21.4,1415,TRF,Chompoo,92.75466289,124.8411355,0.5675961,0.763943714,0.459849305,0.391117995,0.163416667,NA,207.352
Dipterocarpus tuberculatus,Dipterocarpaceae,Trees,D,NA,Garden_dipterocarps,YES,21.4,1415,TRF,Chompoo,84.84576762,81.22782372,0.427703933,0.40946603,0.403440493,0.311565923,0.198375,NA,1409.9281
Dipterocarpus turbinatus,Dipterocarpaceae,Trees,D,NA,Garden_dipterocarps,YES,21.4,1415,TRF,Chompoo,70.05021525,78.85572655,0.48213512,0.542740875,0.437243906,0.387769015,0.145291667,NA,139.75333333333333
Dipterocarpus zeylanicus,Dipterocarpaceae,Trees,E,NA,Garden_dipterocarps,YES,21.4,1415,TRF,Chompoo,61.97991395,68.49505751,0.445098125,0.491885512,0.401840618,0.345088359,0.13925,NA,112.60366666666668
Hopea chinensis,Dipterocarpaceae,Trees,E,NA,Garden_dipterocarps,YES,21.4,1415,TRF,Chompoo,74.56958397,79.71577689,0.608317478,0.650298658,0.552402801,0.473372285,0.122583333,NA,26.5716
Hopea hainanensis,Dipterocarpaceae,Trees,E,NA,Garden_dipterocarps,YES,21.4,1415,TRF,Chompoo,83.23170736,89.86255786,0.525397415,0.567254441,0.513320084,0.431658565,0.158416667,NA,58.861666666666665
Hopea hongayensis,Dipterocarpaceae,Trees,E,NA,Garden_dipterocarps,YES,21.4,1415,TRF,Chompoo,73.54734581,92.15076544,0.489771447,0.613656594,0.448127247,0.438161282,0.150166667,NA,49.9236
Hopea mollisima,Dipterocarpaceae,Trees,E,NA,Garden_dipterocarps,YES,21.4,1415,TRF,Chompoo,70.15781927,93.8037948,0.540541784,0.722725865,0.525386809,0.522810848,0.129791667,NA,38.5538
Hopea odorata,Dipterocarpaceae,Trees,D,NA,Garden_dipterocarps,YES,21.4,1415,TRF,Chompoo,96.78981354,97.98663029,0.573144714,0.580231712,0.515065252,0.447816472,0.168875,NA,44.31885714285714
Hopea reticulata,Dipterocarpaceae,Trees,E,NA,Garden_dipterocarps,YES,21.4,1415,TRF,Chompoo,82.31707322,96.10431417,0.464084979,0.541814315,0.439656192,0.438126267,0.177375,NA,36.9475
Parashorea chinensis,Dipterocarpaceae,Trees,E,NA,Garden_dipterocarps,YES,21.4,1415,TRF,Chompoo,76.07604022,72.18934063,0.61248741,0.581195632,0.521465308,0.386629356,0.124208333,NA,54.950428571428574
Shorea assamica,Dipterocarpaceae,Trees,E,NA,Garden_dipterocarps,YES,21.4,1415,TRF,Chompoo,67.52152084,80.70458146,0.563461928,0.673473561,0.438634459,0.384862397,0.119833333,NA,62.5292
Shorea gratissima,Dipterocarpaceae,Trees,E,NA,Garden_dipterocarps,YES,21.4,1415,TRF,Chompoo,91.08680063,104.1643676,0.643154815,0.735494211,0.502571199,0.480961133,0.141625,NA,71.759
Shorea henryana,Dipterocarpaceae,Trees,E,NA,Garden_dipterocarps,YES,21.4,1415,TRF,Chompoo,81.45624108,99.70424905,0.513244891,0.628223151,0.484994488,0.408717243,0.158708333,NA,64.55183333333333
Shorea hypochra,Dipterocarpaceae,Trees,E,NA,Garden_dipterocarps,YES,21.4,1415,TRF,Chompoo,95.98278341,113.9370605,0.573459498,0.680729264,0.531646334,0.471235826,0.167375,NA,71.56633333333333
Shorea leprosula,Dipterocarpaceae,Trees,E,NA,Garden_dipterocarps,YES,21.4,1415,TRF,Chompoo,64.88522242,78.2912596,0.486487141,0.587001009,0.465838486,0.439950097,0.133375,NA,67.40283333333333
Shorea robusta,Dipterocarpaceae,Trees,D,NA,Garden_dipterocarps,YES,21.4,1415,TRF,Chompoo,73.97776188,101.087345,0.475486419,0.649731196,0.410747963,0.398665729,0.155583333,NA,75.31733333333334
Shorea roxburghii,Dipterocarpaceae,Trees,D,NA,Garden_dipterocarps,YES,21.4,1415,TRF,Chompoo,67.46771883,69.2746201,0.454838555,0.467019912,0.424562713,0.349926333,0.148333333,NA,57.98266666666667
Vatica diospyroides,Dipterocarpaceae,Trees,E,NA,Garden_dipterocarps,YES,21.4,1415,TRF,Chompoo,70.80344337,89.6180091,0.530362872,0.671295948,0.519094749,0.49361387,0.1335,NA,152.3271
Vatica guangxiensis,Dipterocarpaceae,Trees,E,NA,Garden_dipterocarps,YES,21.4,1415,TRF,Chompoo,68.54375901,87.47883031,0.511838896,0.65323333,0.451794188,0.471120431,0.133916667,NA,67.5836
Vatica mangachapoi,Dipterocarpaceae,Trees,E,NA,Garden_dipterocarps,YES,21.4,1415,TRF,Chompoo,86.08321382,117.5082324,0.581807135,0.794198137,0.515685641,0.504402644,0.147958333,NA,46.6694
Vatica odorata,Dipterocarpaceae,Trees,E,NA,Garden_dipterocarps,YES,21.4,1415,TRF,Chompoo,108.8952655,111.5871137,0.64197651,0.657845917,0.547596956,0.489006171,0.169625,NA,64.136
Vatica rassak,Dipterocarpaceae,Trees,E,NA,Garden_dipterocarps,YES,21.4,1415,TRF,Chompoo,99.31850795,149.1016899,0.499715763,0.750197182,0.465927671,0.453826644,0.19875,NA,140.17933333333335
Vatica xishuangbannaensis,Dipterocarpaceae,Trees,E,NA,Garden_dipterocarps,YES,21.4,1415,TRF,Chompoo,78.76614065,86.61096397,0.561612411,0.61754698,0.474736392,0.445546791,0.14025,NA,57.44714285714286
Cymbidium lancifolium Hook.,Orchidaceae,Orchids,E,NA,Garden_orchid,YES,21.4,1415,TRF,Chen Yajun,83.06178737,78.85821391,0.160196311,0.15208913,0.161571264,0.181309412,0.5185,NA,38.79816667
Dendrobium aphyllum (Roxb. ) C. E. Fischer,Orchidaceae,Orchids,E,NA,Garden_orchid,YES,21.4,1415,TRF,Chen Yajun,38.51505216,40.67199913,0.057442285,0.060659208,0.063261387,0.072446166,0.6705,NA,13.93316667
Dendrobium chrysanthum Lindl.,Orchidaceae,Orchids,E,NA,Garden_orchid,YES,21.4,1415,TRF,Chen Yajun,31.59437873,33.1881586,0.119487092,0.125514624,0.139351778,0.142823455,0.264416667,NA,13.24316667
Aglaia odorata Lour.,Orchidaceae,Orchids,E,NA,Garden_orchid,YES,21.4,1415,TRF,Chen Yajun,64.69325168,78.88760031,0.062803901,0.076583707,0.073427579,0.078391814,1.030083333,NA,14.42066667
Dendrobium fimbriatum Hook.,Orchidaceae,Orchids,E,NA,Garden_orchid,YES,21.4,1415,TRF,Chen Yajun,67.72285103,59.46997225,0.138374632,0.121511947,0.139533932,0.17127105,0.489416667,NA,20.75616667
Cymbidium eburneum Lindl.,Orchidaceae,Orchids,E,NA,Garden_orchid,YES,21.4,1415,TRF,Chen Yajun,113.6883461,103.9660768,0.222663645,0.203622152,0.22402422,0.23095265,0.510583333,NA,40.7785
Dendrobium Gatton Sunray,Orchidaceae,Orchids,E,NA,Garden_orchid,YES,21.4,1415,TRF,Chen Yajun,90.10419211,79.74408478,0.160066662,0.141662327,0.164537184,0.17400343,0.562916667,NA,46.71316667
Dendrobium thyrsiflorum Rchb. f.,Orchidaceae,Orchids,E,NA,Garden_orchid,YES,21.4,1415,TRF,Chen Yajun,77.08056691,97.88691663,0.142105823,0.180464434,0.145211006,0.193222721,0.542416667,NA,31.925
Cymbidium lowianum (Rchb. f.) Rchb. f.,Orchidaceae,Orchids,E,NA,Garden_orchid,YES,21.4,1415,TRF,Chen Yajun,82.44628354,120.5444071,0.179948236,0.263101652,0.199859381,0.226533098,0.458166667,NA,105.8395
Cymbidium hookerianum Rchb. f.,Orchidaceae,Orchids,E,NA,Garden_orchid,YES,21.4,1415,TRF,Chen Yajun,84.70302488,98.5134722,0.155799555,0.181201972,0.25263499,0.214869981,0.543666667,NA,128.7993333
Cymbidium iridioides D.Don.,Orchidaceae,Orchids,E,NA,Garden_orchid,YES,21.4,1415,TRF,Chen Yajun,104.7127981,114.5432528,0.188785093,0.206508268,0.208227956,0.272307063,0.554666667,NA,57.6245
Cymbidium tracyanum L.,Orchidaceae,Orchids,E,NA,Garden_orchid,YES,21.4,1415,TRF,Chen Yajun,79.87823455,76.57460854,0.165751135,0.158895954,0.177574615,0.196521171,0.481916667,NA,106.7378333
Cymbidium ebureneum,Orchidaceae,Orchids,E,NA,Garden_orchid,YES,21.4,1415,TRF,Chen Yajun,152.7773174,152.8524757,0.222896998,0.223006651,0.214039095,0.269328161,0.685416667,NA,62.56466667
Eria javanica (Sw.) Bl.,Orchidaceae,Orchids,E,NA,Garden_orchid,YES,21.4,1415,TRF,Chen Yajun,69.94169088,69.57046825,0.072761187,0.072374999,0.078085187,0.083300429,0.96125,NA,106.8856667
Dendrobium dixanthum Rchb. f.,Orchidaceae,Orchids,E,NA,Garden_orchid,YES,21.4,1415,TRF,Chen Yajun,55.88071248,54.59279804,0.151335714,0.147847794,0.154786756,0.18403653,0.36925,NA,14.219
Cymbidium sinense,Orchidaceae,Orchids,E,NA,Garden_orchid,YES,21.4,1415,TRF,Chen Yajun,96.649209005,103.64037616,0.173835557,0.185260146,0.189586315,0.2105756595,0.5640833335,NA,109.4308333
Dendrobium chrysotoxum Lindl.,Orchidaceae,Orchids,E,NA,Garden_orchid,YES,21.4,1415,TRF,Chen Yajun,153.8717199,119.1705705,0.189711357,0.146927653,0.187327681,0.185060557,0.811083333,NA,30.51633333
Salix cathayana,Salicaceae,Trees,E,NA,Lijiang,NO,7.9,1095,CTF,Li Peifu,122.93,115.181621,0.6325729,0.59270131,0.4,0.385842676,0.194333333,NA,15.332166666666666
Desmodium yunnanense,Leguminosae,Trees,D,NA,Lijiang,NO,7.9,1095,CTF,Li Peifu,55.13092711,56.73694025,0.363633818,0.374226796,0.318069311,0.306134024,0.151611111,NA,39.216
Rhododendron yunnanense,Ericaceae,Trees,D,NA,Lijiang,NO,7.9,1095,CTF,Li Peifu,84.64260439,90.21976387,0.431850022,0.460304918,0.314678673,0.337569172,0.196,NA,29.430666666666667
Sorbus coronata,Rosaceae,Trees,D,NA,Lijiang,NO,7.9,1095,CTF,Li Peifu,70.13446568,92.00070745,0.419269472,0.549987623,0.401613647,0.373727779,0.167277778,NA,55.8005
Rhododendron decorum,Ericaceae,Trees,E,NA,Lijiang,NO,7.9,1095,CTF,Li Peifu,122.6468507,118.9859791,0.360431561,0.349673081,0.365210138,0.315092798,0.340277778,NA,42.562333333333335
Quercus aquifolioides,Fagaceae,Trees,E,NA,Lijiang,NO,7.9,1095,CTF,Li Peifu,77.1408351,82.06529191,0.449946542,0.47866988,0.400883599,0.402467573,0.171444445,NA,32.41716666666667
Quercus guyavifolia,Fagaceae,Trees,E,NA,Lijiang,NO,7.9,1095,CTF,Li Peifu,237.084218,240.7814586,0.543148266,0.551618462,0.499197313,0.459787012,0.4365,NA,20.849333333333337
Salix dibapha,Salicaceae,Trees,E,NA,Lijiang,NO,7.9,1095,CTF,Li Peifu,108.5633404,132.0503279,0.581589323,0.70741247,0.359345619,0.430100095,0.186666667,NA,19.452166666666667
Lyonia villosa,Ericaceae,Trees,D,NA,Lijiang,NO,7.9,1095,CTF,Li Peifu,77.0700637,86.42214284,0.386854754,0.433797706,0.394331797,0.350237603,0.199222222,NA,32.43383333333333
Cornus walteri,Corceae,Trees,D,NA,Lijiang,NO,7.9,1095,CTF,Li Peifu,52.22929936,50.9957702,0.335520124,0.327595953,0.321148825,0.237135614,0.155666667,NA,33.685
Elsholtzia eriocalyx,Lamiaceae,Trees,E,NA,Lijiang,NO,7.9,1095,CTF,Li Peifu,35.17338995,37.77394257,0.239003782,0.256674581,0.246103991,0.177121291,0.147166667,NA,26.9628
Viburnum cylindricum,Adoxaceae,Trees,E,NA,Lijiang,NO,7.9,1095,CTF,Li Peifu,148.9030432,149.2356702,0.371896042,0.372726802,0.332604919,0.363947006,0.400388889,NA,27.546333333333333
Malus ombrophila,Rosaceae,Trees,D,NA,Lijiang,NO,7.9,1095,CTF,Li Peifu,109.7,119.9633888,0.516370294,0.564681225,0.49,0.445936147,0.212444444,NA,57.01683333333333
Clerodendrum yunnanense,Lamiaceae,Trees,D,NA,Lijiang,NO,7.9,1095,CTF,Li Peifu,53.43241331,67.25945285,0.29611559,0.372743272,0.302137903,0.244740638,0.180444445,NA,110.02683333333334
Euonymus laxiflorus,Celastraceae,Trees,D,NA,Lijiang,NO,7.9,1095,CTF,Li Peifu,106.6525124,118.5736869,0.367978767,0.409109904,0.333423276,0.28673611,0.289833333,NA,12.757833333333334
Rhododendron rubiginosum,Ericaceae,Trees,E,NA,Lijiang,NO,7.9,1095,CTF,Li Peifu,92.49823072,79.98016309,0.343859594,0.297324026,0.352291319,0.315655201,0.269,NA,17.601
Rhododendron racemosum,Ericaceae,Trees,E,NA,Lijiang,NO,7.9,1095,CTF,Li Peifu,90.7289455,98.18948517,0.495035167,0.535741355,0.423658742,0.381904053,0.183277778,NA,21.302333333333333
Acer pictum,Sapindaceae,Trees,D,NA,Lijiang,NO,7.9,1095,CTF,Li Peifu,46.99221514,51.73781526,0.406272752,0.447300995,0.365836333,0.34321092,0.115666667,NA,67.0625
Quercus aliena,Fagaceae,Trees,D,NA,Lijiang,NO,7.9,1095,CTF,Li Peifu,98.08917197,86.94361391,0.52641774,0.46660258,0.45789295,0.411135567,0.186333333,NA,33.924166666666665
Coriaria nepalensis,Coriariaceae,Trees,D,NA,Lijiang,NO,7.9,1095,CTF,Li Peifu,96.24911536,93.90469556,0.3605586,0.351776174,0.312137114,0.314219287,0.266944445,NA,41.18966666666667
Lonicera setifera,Caprifoliaceae,Trees,D,NA,Lijiang,NO,7.9,1095,CTF,Li Peifu,137.1549894,126.6782547,0.320247737,0.295785262,0.29351943,0.202215705,0.428277778,NA,12.6585
Abelia_serrata,Caprifoliaceae,Trees,D,NA,Yakushima,NO,NA,NA,ST2,Onoda Yusuke,65.80738587,66.78704087,0.34843610550000004,0.31836882238862124,NA,0.378396941,0.2085,NA,6.393884365333333
Abies_firma,0,Trees,E,NA,Yakushima,NO,NA,NA,ST2,Onoda Yusuke,NA,207.93125696666667,NA,0.28691046478470117,NA,0.4628466526666667,0.728,NA,0.45384943666666666
Acer_morifolium,Sapindaceae,Trees,D,NA,Yakushima,NO,NA,NA,ST2,Onoda Yusuke,82.12395063666666,90.28344464333333,0.36807997166666667,0.4052629066155712,NA,0.3749273303333333,0.22416666666666665,NA,56.4756
Acer_rufinerve,Sapindaceae,Trees,D,NA,Yakushima,NO,NA,NA,ST2,Onoda Yusuke,62.779197823333334,60.731354986666666,0.24744617066666666,0.23034508880840884,NA,0.28418735733333333,0.28900000000000003,NA,73.23305555666667
Acer_sieboldianum,Sapindaceae,Trees,D,NA,Yakushima,NO,NA,NA,ST2,Onoda Yusuke,70.346484845,72.3847001475,0.35747827225,0.3683084097546958,NA,0.40260765825,0.19725,NA,34.2675
Actinidia_arguta,Actinidiaceae,Trees,D,NA,Yakushima,NO,NA,NA,ST2,Onoda Yusuke,41.15110209,71.58119658,0.21211908300000001,0.36897524010309274,NA,0.364815485,0.194,NA,46.956
Actinidia_rufa,Actinidiaceae,Trees,D,NA,Yakushima,NO,NA,NA,ST2,Onoda Yusuke,72.14599673333333,76.1395701425,0.2761822643333333,0.2908584221307725,NA,0.31265934575,0.260375,NA,52.326458335
Actinodaphne_acuminata,Lauraceae,Trees,E,NA,Yakushima,NO,NA,NA,ST2,Onoda Yusuke,96.7662054,119.9940064,0.3083044813333333,0.3835675354315199,NA,0.48572627166666665,0.31833333333333336,NA,27.66684285666667
Actinodaphne_coreana,Lauraceae,Trees,E,NA,Yakushima,NO,NA,NA,ST2,Onoda Yusuke,79.18276729,90.3440416,0.348822763,0.3979913726872247,NA,0.45623741,0.227,NA,14.039
Adina_pilulifera,Rubiaceae,Trees,E,NA,Yakushima,NO,NA,NA,ST2,Onoda Yusuke,92.44567921,93.12838905,0.380276642,0.3833119945703706,NA,0.408361366,0.24316666666666667,NA,16.469125
Alnus_firma,Betulaceae,Trees,D,NA,Yakushima,NO,NA,NA,ST2,Onoda Yusuke,101.48567998,105.72143477333333,0.36120043333333335,0.3861535798126712,NA,0.42397799733333336,0.2931666666666667,NA,13.830694446666666
Alnus_sieboldiana,Betulaceae,Trees,D,NA,Yakushima,NO,NA,NA,ST2,Onoda Yusuke,79.25916166,92.95819636,0.218044461,0.25573093909215955,NA,0.406554133,0.3635,NA,37.5685
Ampelopsis_cantoniensis,Vitaceae,Trees,D,NA,Yakushima,NO,NA,NA,ST2,Onoda Yusuke,62.76222129,62.81239713666667,0.20680480566666665,0.20645382049773486,NA,0.33061268,0.6735,NA,15.58567037
Ampelopsis_glandulosa_var_heterophylla,Vitaceae,Trees,D,NA,Yakushima,NO,NA,NA,ST2,Onoda Yusuke,51.51527198,55.5650431725,0.26907040025,0.29165816656504495,NA,0.3157478165,0.193625,NA,57.3587125
Anodendron_affine,Apocynaceae,Trees,E,NA,Yakushima,NO,NA,NA,ST2,Onoda Yusuke,93.64931499400001,100.723771674,0.2317758496,0.24828559663484867,NA,0.294228535,0.4089,NA,22.611710000000002
Aralia_elata,Araliaceae,Trees,D,NA,Yakushima,NO,NA,NA,ST2,Onoda Yusuke,34.9631579,49.95334182,0.185602078,0.2684621837882497,NA,0.283421566,0.1905,NA,18.586313335
Ardisia_crenata,Primulaceae,Trees,E,NA,Yakushima,NO,NA,NA,ST2,Onoda Yusuke,66.03444692000001,80.92007984,0.22820796066666665,0.2802181434947121,NA,0.307999279,0.28633333333333333,NA,21.913344443333333
Ardisia_pusilla,Primulaceae,Trees,E,NA,Yakushima,NO,NA,NA,ST2,Onoda Yusuke,NA,41.32718269,NA,0.13153520793936754,NA,0.313434389,0.55425,NA,6.0035
Ardisia_quinquegona,Primulaceae,Trees,E,NA,Yakushima,NO,NA,NA,ST2,Onoda Yusuke,61.565376119999996,69.71844052,0.24156215466666667,0.2754338632826002,NA,0.31474109833333336,0.255,NA,27.23297222
Ardisia_sieboldii,Primulaceae,Trees,E,NA,Yakushima,NO,NA,NA,ST2,Onoda Yusuke,98.6355525325,102.87734545000001,0.28855985024999997,0.30399578836478364,NA,0.36044401125000003,0.56025,NA,20.287781250000002
Aria_alnifolia,Rosaceae,Trees,D,NA,Yakushima,NO,NA,NA,ST2,Onoda Yusuke,67.64721701,80.70848621,0.245098612,0.2924220514855072,NA,0.411818136,0.276,NA,20.2234
Aucuba_japonica_var_ovoidea,Garryaceae,Trees,E,NA,Yakushima,NO,NA,NA,ST2,Onoda Yusuke,58.148850010000004,71.38779735666667,0.181249147,0.22272196080143564,NA,0.2596931883333333,0.32166666666666666,NA,45.91191666666666
Berchemia_racemosa_var_luxurians,Rhamnaceae,Trees,D,NA,Yakushima,NO,NA,NA,ST2,Onoda Yusuke,54.27820179,62.59117309,0.301545566,0.3477287393888889,NA,0.340799211,0.18,NA,18.3945
Blastus_cochinchinensis,Melastomataceae,Trees,E,NA,Yakushima,NO,NA,NA,ST2,Onoda Yusuke,37.153129916666664,43.268797766666665,0.14152713933333333,0.16461651653980325,NA,0.24501020533333331,0.2648333333333333,NA,34.8617
Bredia_hirsuta,Melastomataceae,Trees,E,NA,Yakushima,NO,NA,NA,ST2,Onoda Yusuke,24.879100705,30.9845752,0.102456573,0.1166800273628358,NA,0.19511392133333333,0.26316666666666666,NA,16.99838889
Buddleja_curviflora,Scrophulariaceae,Trees,D,NA,Yakushima,NO,NA,NA,ST2,Onoda Yusuke,72.784738575,88.14675583666667,0.28650944,0.30311665844228086,NA,0.35605980633333334,0.29983333333333334,NA,37.568777776666664
Buxus_microphylla_var_japonica,Buxaceae,Trees,E,NA,Yakushima,NO,NA,NA,ST2,Onoda Yusuke,165.3089342,154.4039452,0.38657627866666666,0.3239306630384038,NA,0.4075516693333333,0.4265,NA,1.8704107145000002
Callicarpa_japonica_var_luxurians,Verbenaceae,Trees,D,NA,Yakushima,NO,NA,NA,ST2,Onoda Yusuke,57.440079993333335,62.67203068,0.248914457,0.27333934155876716,NA,0.349814999,0.2275,NA,54.55672222333333
Callicarpa_shikokiana,Verbenaceae,Trees,D,NA,Yakushima,NO,NA,NA,ST2,Onoda Yusuke,62.611554615,53.119158955,0.2416587985,0.20335952113701297,NA,0.39378582100000004,0.2925,NA,8.6650357145
Camellia_japonica,Theaceae,Trees,E,NA,Yakushima,NO,NA,NA,ST2,Onoda Yusuke,172.09954513333332,187.21851106666668,0.37254624633333333,0.40565414260967064,NA,0.4541722073333333,0.4613333333333333,NA,9.484337963
Camellia_sasanqua,Theaceae,Trees,E,NA,Yakushima,NO,NA,NA,ST2,Onoda Yusuke,147.78491394666668,152.25148456333335,0.413274083,0.42226558920437113,NA,0.46141735300000003,0.355,NA,6.178481481333334
Carpinus_laxiflora,Betulaceae,Trees,D,NA,Yakushima,NO,NA,NA,ST2,Onoda Yusuke,48.784173155000005,57.753596986666665,0.325863427,0.3557524141271105,NA,0.4714795606666667,0.16666666666666669,NA,10.024111112333333
Castanopsis_sieboldii,Fagaceae,Trees,E,NA,Yakushima,NO,NA,NA,ST2,Onoda Yusuke,141.75400263333333,151.90247226666668,0.38864796733333334,0.41622440362672336,NA,0.49689828866666663,0.3665,NA,8.332083333333333
Celastrus_punctatus,Celastraceae,Trees,E,NA,Yakushima,NO,NA,NA,ST2,Onoda Yusuke,84.83595087,67.8747166,0.239988546,0.1920076848656294,NA,0.267655629,0.3535,NA,7.443125
Chamaecyparis_obtusa,Cupressaceae,Trees,E,NA,Yakushima,NO,NA,NA,ST2,Onoda Yusuke,NA,180.69188093333332,NA,0.1778760545062611,NA,0.4114095406666667,1.027,NA,3.525382353
Cinnamomum_camphora,Lauraceae,Trees,E,NA,Yakushima,NO,NA,NA,ST2,Onoda Yusuke,99.94930426666666,101.53321989666667,0.414362996,0.4212510118335246,NA,0.4329964216666667,0.24033333333333334,NA,21.718533333333333
Cinnamomum_daphnoides,Lauraceae,Trees,E,NA,Yakushima,NO,NA,NA,ST2,Onoda Yusuke,195.6162795,227.13794213333333,0.3405326716666667,0.3952198567987722,NA,0.497796782,0.5743333333333334,NA,6.2739777776666665
Cinnamomum_tenuifolium,Lauraceae,Trees,E,NA,Yakushima,NO,NA,NA,ST2,Onoda Yusuke,125.78333465,127.0806486,0.3731236,0.37862899742943446,NA,0.4458598115,0.336,NA,13.606599405
Clerodendrum_trichotomum,Verbenaceae,Trees,D,NA,Yakushima,NO,NA,NA,ST2,Onoda Yusuke,56.00980757,66.967406635,0.2252996055,0.2693763139121,NA,0.244615859,0.2485,NA,159.14749999999998
Clerodendrum_trichotomum_var_fargesii,Verbenaceae,Trees,D,NA,Yakushima,NO,NA,NA,ST2,Onoda Yusuke,76.39437268,81.41935218,0.372655477,0.39716757160975613,NA,0.38708836,0.205,NA,18.226625
Clethra_barbinervis,Clethraceae,Trees,D,NA,Yakushima,NO,NA,NA,ST2,Onoda Yusuke,71.51362109333334,83.01819638,0.24987116566666667,0.29353041436031757,NA,0.350399125,0.2855,NA,21.206804763333334
Cleyera_japonica,Theaceae,Trees,E,NA,Yakushima,NO,NA,NA,ST2,Onoda Yusuke,162.40807015000001,168.349913375,0.3669872495,0.38356812623337055,NA,0.4246629575,0.439375,NA,9.47680654825
Cocculus_orbiculatus,Menispermaceae,Trees,D,NA,Yakushima,NO,NA,NA,ST2,Onoda Yusuke,62.9234983,86.03840599,0.209396001,0.28631749081530783,NA,0.344936484,0.3005,NA,67.854
Cornus_kousa,Cornaceae,Trees,D,NA,Yakushima,NO,NA,NA,ST2,Onoda Yusuke,58.69952611,66.73664637499999,0.25815456999999997,0.29320016018788597,NA,0.34206136275,0.24025000000000002,NA,14.65910606
Cornus_macrophylla,Cornaceae,Trees,D,NA,Yakushima,NO,NA,NA,ST2,Onoda Yusuke,79.65386592,100.45922386666666,0.35300079933333334,0.4446555992969514,NA,0.393310176,0.2275,NA,53.74673889
Crateva_formosensis,Brassicaceae,Trees,D,NA,Yakushima,NO,NA,NA,ST2,Onoda Yusuke,93.112007905,99.960496675,0.1585776815,0.1775397485145042,NA,0.293973565,1.04675,NA,53.137166664999995
Cryptomeria_japonica,Cupressaceae,Trees,E,NA,Yakushima,NO,NA,NA,ST2,Onoda Yusuke,NA,169.4126349,NA,0.1538515349124358,NA,0.43017805233333334,0.9790000000000001,NA,0.06997349833333334
Cyathea_spinulosa,Cyatheaceae,Trees,E,NA,Yakushima,NO,NA,NA,ST2,Onoda Yusuke,NA,49.951898639999996,NA,0.1487992439825926,NA,0.2356044805,0.357,NA,234.098416665
Damnacanthus_indicus,Rubiaceae,Trees,E,NA,Yakushima,NO,NA,NA,ST2,Onoda Yusuke,NA,50.602486836666664,NA,0.23704337029347486,NA,0.3923747656666667,0.254,NA,1.6871333333333334
Daphne_kiusiana,Thymelaeaceae,Trees,E,NA,Yakushima,NO,NA,NA,ST2,Onoda Yusuke,57.311695005000004,65.790752845,0.1994823335,0.23706847682102908,NA,0.2645603405,0.29125,NA,7.861694444499999
Daphnimorpha_kudoi,Thymelaeaceae,Trees,E,NA,Yakushima,NO,NA,NA,ST2,Onoda Yusuke,44.89442635,44.46157325,0.159200093,0.15766515336879433,NA,0.182232519,0.282,NA,12.16275
Daphniphyllum_macropodum,Daphniphyllaceae,Trees,E,NA,Yakushima,NO,NA,NA,ST2,Onoda Yusuke,143.0272422,166.89736903333332,0.28283050833333334,0.32946150986915773,NA,0.34550640866666665,0.5071666666666667,NA,35.128025
Daphniphyllum_teijsmannii,Daphniphyllaceae,Trees,E,NA,Yakushima,NO,NA,NA,ST2,Onoda Yusuke,121.5943765,163.7588476,0.2815038833333333,0.3778983036776949,NA,0.364478845,0.4388333333333333,NA,25.567444443333333
Debregeasia_orientalis,Urticaceae,Trees,D,NA,Yakushima,NO,NA,NA,ST2,Onoda Yusuke,37.611496155,43.393389505,0.1387645395,0.16038082166684842,NA,0.222110496,0.271,NA,29.87025
Dendropanax_trifidus,Araliaceae,Trees,E,NA,Yakushima,NO,NA,NA,ST2,Onoda Yusuke,63.48796783666667,98.26394219333334,0.226463983,0.35162621625603036,NA,0.31229850766666667,0.2776666666666667,NA,100.8065
Diospyros_japonica,Ebenaceae,Trees,D,NA,Yakushima,NO,NA,NA,ST2,Onoda Yusuke,98.97209292,124.45138153333333,0.4201027455,0.516326520198515,NA,0.46754945324999997,0.23550000000000001,NA,52.06883333333333
Diospyros_kaki,Ebenaceae,Trees,D,NA,Yakushima,NO,NA,NA,ST2,Onoda Yusuke,118.71685515,129.33519625,0.34895371350000004,0.3776151929583025,NA,0.39819130049999996,0.346,NA,48.482583335
Diospyros_morrisiana,Ebenaceae,Trees,E,NA,Yakushima,NO,NA,NA,ST2,Onoda Yusuke,92.62393274666667,97.30192119333333,0.3278023523333333,0.34159543485639005,NA,0.36588620866666666,0.2815,NA,12.8538
Diplomorpha_pauciflora_var_yakusimensis,Euphorbiaceae,Trees,D,NA,Yakushima,NO,NA,NA,ST2,Onoda Yusuke,65.33416517333333,65.98818932333333,0.31374164000000004,0.3127733770137556,NA,0.38883413466666666,0.21366666666666667,NA,14.69827037
Distylium_racemosum,Hamamelidaceae,Trees,E,NA,Yakushima,NO,NA,NA,ST2,Onoda Yusuke,211.1986095,207.014253075,0.41866853174999996,0.4111600717632417,NA,0.4939625655,0.501875,NA,5.44155
Elaeagnus_glabra,Elaeagnaceae,Trees,E,NA,Yakushima,NO,NA,NA,ST2,Onoda Yusuke,110.69969014666667,119.93535921666667,0.32640763633333336,0.3553320566209811,NA,0.43089368333333333,0.3455,NA,10.542325397666666
Elaeagnus_macrophylla,Elaeagnaceae,Trees,E,NA,Yakushima,NO,NA,NA,ST2,Onoda Yusuke,80.79978151,89.34387336,0.227605018,0.2516728827042254,NA,0.357848767,0.355,NA,19.8102
Elaeagnus_pungens,Elaeagnaceae,Trees,E,NA,Yakushima,NO,NA,NA,ST2,Onoda Yusuke,136.97086606666667,152.45006703333334,0.304578577,0.3422801279839682,NA,0.457892665,0.44783333333333336,NA,11.147838096666666
Elaeagnus_umbellata,Elaeagnaceae,Trees,D,NA,Yakushima,NO,NA,NA,ST2,Onoda Yusuke,94.55925685666666,102.63047902333334,0.335076384,0.3630127942774834,NA,0.4436284753333333,0.2833333333333333,NA,8.754999999999999
Elaeagnus_yakusimensis,Elaeagnaceae,Trees,D,NA,Yakushima,NO,NA,NA,ST2,Onoda Yusuke,68.96714200666666,73.25384475333334,0.246315842,0.2626195364179663,NA,0.368926941,0.27799999999999997,NA,4.7855009803333335
Elaeocarpus_japonicus,Elaeocarpaceae,Trees,E,NA,Yakushima,NO,NA,NA,ST2,Onoda Yusuke,141.14284766666665,146.59749726666666,0.369314182,0.3855209862569965,NA,0.4302888203333333,0.381,NA,14.55785
Elaeocarpus_sylvestris_var_ellipticus,Elaeocarpaceae,Trees,E,NA,Yakushima,NO,NA,NA,ST2,Onoda Yusuke,116.2255498,122.23046820666667,0.38889824933333333,0.4107871014609712,NA,0.441293231,0.2955,NA,13.052811113333334
Erycibe_henryi,Convolvulaceae,Trees,E,NA,Yakushima,NO,NA,NA,ST2,Onoda Yusuke,56.12092666,82.565179735,0.18517818749999998,0.2633864410302103,NA,0.28878071250000004,0.30425,NA,43.051666665
Euonymus_japonicus,Celastraceae,Trees,E,NA,Yakushima,NO,NA,NA,ST2,Onoda Yusuke,109.3903755,117.34441755,0.3181128245,0.3374921637669157,NA,0.3574070635,0.35325,NA,29.035125
Euonymus_yakushimensis,Celastraceae,Trees,D,NA,Yakushima,NO,NA,NA,ST2,Onoda Yusuke,27.990049323333334,31.22043741,0.20156275966666667,0.22448631208883002,NA,0.23794427633333332,0.13899999999999998,NA,19.77205555666667
Eurya_emarginata,Theaceae,Trees,E,NA,Yakushima,NO,NA,NA,ST2,Onoda Yusuke,154.76651080000002,170.66397676666668,0.23701055833333334,0.2611397369700889,NA,0.3697047093333333,0.6526666666666666,NA,3.2767148146666667
Eurya_japonica,Theaceae,Trees,E,NA,Yakushima,NO,NA,NA,ST2,Onoda Yusuke,116.28921173666666,111.71574983333333,0.32921898666666666,0.32012759282077774,NA,0.36562251966666665,0.3453333333333333,NA,8.427447222333333
Eurya_yakushimensis,Theaceae,Trees,E,NA,Yakushima,NO,NA,NA,ST2,Onoda Yusuke,NA,97.66055061,NA,0.18737361752942183,NA,0.41751213433333334,0.492,NA,3.934426767666667
Euscaphis_japonica,Staphyleaceae,Trees,D,NA,Yakushima,NO,NA,NA,ST2,Onoda Yusuke,92.28864634333333,103.95549478333334,0.3576678813333333,0.4031820686708611,NA,0.358639382,0.25733333333333336,NA,17.356476853333334
Fatsia_japonica,Araliaceae,Trees,E,NA,Yakushima,NO,NA,NA,ST2,Onoda Yusuke,50.3438916,69.34499101,0.166426088,0.22923963970247935,NA,0.213874571,0.3025,NA,139.42175
Ficus_erecta,Moraceae,Trees,D,NA,Yakushima,NO,NA,NA,ST2,Onoda Yusuke,88.49014835999999,98.23941338,0.26648644633333335,0.2965118579672388,NA,0.340926889,0.33616666666666667,NA,34.24652777666667
Ficus_microcarpa,Moraceae,Trees,E,NA,Yakushima,NO,NA,NA,ST2,Onoda Yusuke,87.554317295,101.795031,0.260670148,0.3014146844541943,NA,0.305669604,0.3425,NA,12.36466667
Ficus_nipponica,Moraceae,Trees,E,NA,Yakushima,NO,NA,NA,ST2,Onoda Yusuke,134.21218041333333,146.9767289,0.29635418,0.3215219771263085,NA,0.44189143533333336,0.46166666666666667,NA,9.074583333333333
Ficus_pumila,Moraceae,Trees,E,NA,Yakushima,NO,NA,NA,ST2,Onoda Yusuke,109.44767125000001,146.4387451,0.27140008849999997,0.3609032638382688,NA,0.371934767,0.40049999999999997,NA,27.689625
Ficus_superba_var_japonica,Moraceae,Trees,E,NA,Yakushima,NO,NA,NA,ST2,Onoda Yusuke,104.99982115333333,113.54933733333333,0.405198806,0.4391389997446836,NA,0.3717816196666667,0.26016666666666666,NA,46.07513889
Ficus_thunbergii,Moraceae,Trees,E,NA,Yakushima,NO,NA,NA,ST2,Onoda Yusuke,96.04682506,125.08107429999998,0.203558209,0.26530807636934284,NA,0.433635626,0.472,NA,7.556875
Firmiana_simplex,Malvaceae,Trees,D,NA,Yakushima,NO,NA,NA,ST2,Onoda Yusuke,55.564173733333334,71.44534826333333,0.22735249100000002,0.2911299062386873,NA,0.33149819566666666,0.2465,NA,218.706
Frangula_crenata,Rhamnaceae,Trees,D,NA,Yakushima,NO,NA,NA,ST2,Onoda Yusuke,66.542045088,69.95138757000001,0.2336788038,0.24575972094456275,NA,0.3089663346,0.294,NA,12.9902916664
Fraxinus_sieboldiana,Oleaceae,Trees,D,NA,Yakushima,NO,NA,NA,ST2,Onoda Yusuke,75.01927396333333,77.61554775333333,0.36712817133333336,0.3843971856322571,NA,0.45912039299999996,0.19849999999999998,NA,10.3107
Gardenia_jasminoides,Rubiaceae,Trees,E,NA,Yakushima,NO,NA,NA,ST2,Onoda Yusuke,60.054465193333336,71.54651514666666,0.3052735873333333,0.3629252924039266,NA,0.37085835300000003,0.19633333333333333,NA,32.195444443333336
Glochidion_obovatum,Euphorbiaceae,Trees,D,NA,Yakushima,NO,NA,NA,ST2,Onoda Yusuke,115.01597220000001,119.1758515,0.418861768,0.4350058003350471,NA,0.43847813966666666,0.2758333333333333,NA,8.618605555666667
Glochidion_zeylanicum,Euphorbiaceae,Trees,E,NA,Yakushima,NO,NA,NA,ST2,Onoda Yusuke,57.41037107,64.91290649,0.280735311,0.3174225256234719,NA,0.365620665,0.2045,NA,39.249
Helicia_cochinchinensis,Proteaceae,Trees,E,NA,Yakushima,NO,NA,NA,ST2,Onoda Yusuke,90.36605462333334,93.10972721,0.30655480366666665,0.31823133477260723,NA,0.380567571,0.2961666666666667,NA,21.823325
Hoya_carnosa,Apocynaceae,Trees,E,NA,Yakushima,NO,NA,NA,ST2,Onoda Yusuke,127.18389812333334,122.10456721333334,0.075506959,0.07276565337475067,NA,0.087536289,1.7734999999999999,NA,41.0795
Hydrangea_grosseserrata,Hydrangeaceae,Trees,D,NA,Yakushima,NO,NA,NA,ST2,Onoda Yusuke,22.42174838333333,23.255912726666665,0.11569173099999999,0.11962250434898569,NA,0.15431387233333332,0.1955,NA,36.7335
Hydrangea_luteovenosa_var_yakusimensis,Hydrangeaceae,Trees,D,NA,Yakushima,NO,NA,NA,ST2,Onoda Yusuke,NA,27.186781296666666,NA,0.10800447138917808,NA,0.15042490033333333,0.24916666666666668,NA,4.653325
Hydrangea_paniculata,Hydrangeaceae,Trees,D,NA,Yakushima,NO,NA,NA,ST2,Onoda Yusuke,58.42896271,55.0308505625,0.2003911735,0.1880646915948483,NA,0.26267211125,0.302125,NA,75.0043541675
Hydrangea_petiolaris,Hydrangeaceae,Trees,D,NA,Yakushima,NO,NA,NA,ST2,Onoda Yusuke,41.456679576666666,44.34388708666667,0.157551577,0.17123967539634158,NA,0.231184571,0.2821666666666667,NA,10.646022223333333
Idesia_polycarpa,Salicaceae,Trees,D,NA,Yakushima,NO,NA,NA,ST2,Onoda Yusuke,85.14152836,117.97999056666666,0.30256174966666666,0.421609456162892,NA,0.40264315100000003,0.2841666666666667,NA,146.31511111
Ilex_crenata_var_fukasawana,Aquifoliaceae,Trees,E,NA,Yakushima,NO,NA,NA,ST2,Onoda Yusuke,NA,110.06933646333333,NA,0.3036231233700222,NA,0.430991833,0.36483333333333334,NA,2.15483208
Ilex_goshiensis,Aquifoliaceae,Trees,E,NA,Yakushima,NO,NA,NA,ST2,Onoda Yusuke,140.02239686666667,141.46753486666665,0.39799004066666666,0.4015870041095776,NA,0.44743288233333334,0.35650000000000004,NA,4.27525
Ilex_integra,Aquifoliaceae,Trees,E,NA,Yakushima,NO,NA,NA,ST2,Onoda Yusuke,152.4449707,157.59194193333335,0.30626284433333334,0.31661752780957403,NA,0.39445179333333336,0.49883333333333335,NA,9.04398611
Ilex_pedunculosa,Aquifoliaceae,Trees,E,NA,Yakushima,NO,NA,NA,ST2,Onoda Yusuke,98.58269382666667,119.07769286666667,0.37967937,0.4581274121557743,NA,0.464672249,0.2595,NA,11.327166666666667
Ilex_rotunda,Aquifoliaceae,Trees,E,NA,Yakushima,NO,NA,NA,ST2,Onoda Yusuke,108.86198103333334,113.47126125666666,0.281935869,0.29490891194591895,NA,0.33182580333333334,0.38716666666666666,NA,15.291958333333334
Illicium_anisatum,Schisandraceae,Trees,E,NA,Yakushima,NO,NA,NA,ST2,Onoda Yusuke,98.00973601333334,110.81289006666667,0.26728572833333336,0.30610656947071824,NA,0.32710291966666666,0.359,NA,12.832935186666665
Juniperus_chinensis_var_sargentii,Cupressaceae,Trees,E,NA,Yakushima,NO,NA,NA,ST2,Onoda Yusuke,NA,314.20566195000004,NA,0.24873238535134184,NA,0.4064683605,1.2662499999999999,NA,0.5904173914999999
Juniperus_chinensis_var_sargentii,0,Trees,E,NA,Yakushima,NO,NA,NA,ST2,Onoda Yusuke,NA,314.20566195000004,NA,0.24873238535134184,NA,0.4064683605,1.2662499999999999,NA,0.5904173914999999
Kadsura_japonica,Schisandraceae,Trees,E,NA,Yakushima,NO,NA,NA,ST2,Onoda Yusuke,61.679967680000004,69.97764105333333,0.19926097566666667,0.22448663743666308,NA,0.23255317666666667,0.3198333333333333,NA,22.68195
Kalopanax_septemlobus,Araliaceae,Trees,D,NA,Yakushima,NO,NA,NA,ST2,Onoda Yusuke,81.91174404666667,99.5457083,0.30602299266666666,0.37736323631248325,NA,0.3482115356666667,0.26549999999999996,NA,76.06641666666667
Lagerstroemia_subcostata,Lythraceae,Trees,D,NA,Yakushima,NO,NA,NA,ST2,Onoda Yusuke,64.93521678,72.15296695,0.385372206,0.42820751899109794,NA,0.498312883,0.1685,NA,16.886
Lagerstroemia_subcostata_var_fauriei,Lythraceae,Trees,D,NA,Yakushima,NO,NA,NA,ST2,Onoda Yusuke,67.65146114333334,78.26496277333334,0.412756334,0.4781693181758827,NA,0.4470065753333333,0.16966666666666666,NA,30.751938096666667
Lasianthus_fordii,Rubiaceae,Trees,E,NA,Yakushima,NO,NA,NA,ST2,Onoda Yusuke,42.07207869,49.304409013333334,0.14232763566666667,0.1666558106051925,NA,0.3776830916666667,0.30033333333333334,NA,20.32359444333333
Lasianthus_fordii_f_pubescens,Rubiaceae,Trees,E,NA,Yakushima,NO,NA,NA,ST2,Onoda Yusuke,45.0281165,52.64703968333333,0.132390118,0.16874929584872392,NA,0.332362635,0.32266666666666666,NA,29.07805
Lasianthus_japonicus,Rubiaceae,Trees,E,NA,Yakushima,NO,NA,NA,ST2,Onoda Yusuke,37.38231303333333,47.868039053333334,0.15993625533333333,0.20499547678918625,NA,0.300223445,0.23616666666666666,NA,38.54983333333333
Ligustrum_japonicum,Oleaceae,Trees,E,NA,Yakushima,NO,NA,NA,ST2,Onoda Yusuke,145.65435976666666,133.0258166,0.37537006666666667,0.3443945306557613,NA,0.40729127633333334,0.3993333333333333,NA,10.409583333333334
Lindera_erythrocarpa,Lauraceae,Trees,D,NA,Yakushima,NO,NA,NA,ST2,Onoda Yusuke,75.75775291,79.53013505333334,0.335211296,0.3331672362426007,NA,0.41822450099999997,0.23900000000000002,NA,11.439114813333333
Lithocarpus_edulis,Fagaceae,Trees,E,NA,Yakushima,NO,NA,NA,ST2,Onoda Yusuke,142.81503560000002,165.52413193333334,0.323824481,0.37480458765947944,NA,0.453278421,0.4415,NA,13.471608995333334
Litsea_cubeba,Lauraceae,Trees,D,NA,Yakushima,NO,NA,NA,ST2,Onoda Yusuke,66.12781781333334,61.84723494333333,0.3107570943333333,0.2917360507886917,NA,0.374078699,0.21283333333333335,NA,21.379066666666667
Litsea_japonica,Lauraceae,Trees,E,NA,Yakushima,NO,NA,NA,ST2,Onoda Yusuke,173.87359225,198.71584065,0.40757949000000004,0.4663291379425406,NA,0.46342573600000003,0.42774999999999996,NA,31.923083335
Lonicera_affinis,Caprifoliaceae,Trees,ED,NA,Yakushima,NO,NA,NA,ST2,Onoda Yusuke,76.191522475,89.4368217525,0.2793060825,0.3278839841488799,NA,0.372503641,0.26925,NA,17.4091208325
Lonicera_hypoglauca,Caprifoliaceae,Trees,ED,NA,Yakushima,NO,NA,NA,ST2,Onoda Yusuke,41.32935562,37.3290103,0.20926256,0.1890076470886076,NA,0.249905821,0.1975,NA,6.219916667
Machilus_japonica,Lauraceae,Trees,E,NA,Yakushima,NO,NA,NA,ST2,Onoda Yusuke,97.746599835,102.09685287,0.352822611,0.38499035316304403,NA,0.43483639166666666,0.26816666666666666,NA,20.73828254
Machilus_thunbergii,Lauraceae,Trees,E,NA,Yakushima,NO,NA,NA,ST2,Onoda Yusuke,148.33240696666667,165.33030523333332,0.4466565793333333,0.4979134463343307,NA,0.495097375,0.331,NA,17.74973611
Maesa_japonica,Primulaceae,Trees,E,NA,Yakushima,NO,NA,NA,ST2,Onoda Yusuke,53.23414537,70.647835245,0.17482478,0.2359520730848534,NA,0.306877253,0.2995,NA,19.680125
Maesa_tenera,Primulaceae,Trees,E,NA,Yakushima,NO,NA,NA,ST2,Onoda Yusuke,69.34062561666667,67.13999849666666,0.29175065466666666,0.2910221200577323,NA,0.324832143,0.22833333333333333,NA,41.10525
Mallotus_japonicus,Euphorbiaceae,Trees,D,NA,Yakushima,NO,NA,NA,ST2,Onoda Yusuke,76.97581874333333,89.80909061666667,0.26230499766666665,0.3070147890287403,NA,0.366482079,0.29233333333333333,NA,92.48011111333334
Melia_azedarach,Meliaceae,Trees,D,NA,Yakushima,NO,NA,NA,ST2,Onoda Yusuke,74.96410026333334,80.73400749333334,0.35349466733333335,0.3701493887772494,NA,0.385938498,0.218,NA,4.326527578
Meliosma_rigida,Sabiaceae,Trees,E,NA,Yakushima,NO,NA,NA,ST2,Onoda Yusuke,124.77747536666666,154.18870026666667,0.3333693873333333,0.41229276839442663,NA,0.48706851933333334,0.3725,NA,34.56456111
Michelia_compressa,Magnoliaceae,Trees,E,NA,Yakushima,NO,NA,NA,ST2,Onoda Yusuke,72.57465404999999,100.723837375,0.20752269299999998,0.2880100452760066,NA,0.312262065,0.34975,NA,27.02425
Microtropis_japonica,Celastraceae,Trees,E,NA,Yakushima,NO,NA,NA,ST2,Onoda Yusuke,106.02106534500001,108.4577629,0.18110960450000002,0.1914977020700152,NA,0.367765377,1.8250000000000002,NA,15.522291665000001
Morinda_umbellata,Rubiaceae,Trees,D,NA,Yakushima,NO,NA,NA,ST2,Onoda Yusuke,55.813728684,59.2230941875,0.2313323682,0.25609866667006415,NA,0.3001934062,0.2419,NA,23.29920625
Morus_australis,Moraceae,Trees,D,NA,Yakushima,NO,NA,NA,ST2,Onoda Yusuke,94.41707843,94.90071613,0.3603579145,0.364002736757037,NA,0.39016600450000005,0.26,NA,56.572333334999996
Mussaenda_parviflora,Rubiaceae,Trees,E,NA,Yakushima,NO,NA,NA,ST2,Onoda Yusuke,44.28327137,47.97200215,0.213928847,0.23174880265700487,NA,0.245538209,0.207,NA,41.527
Myrica_rubra,Primulaceae,Trees,E,NA,Yakushima,NO,NA,NA,ST2,Onoda Yusuke,129.233813775,125.5471481,0.418722314,0.42353888667021994,NA,0.449523238,0.308,NA,9.38391666675
Myrsine_seguinii,Primulaceae,Trees,E,NA,Yakushima,NO,NA,NA,ST2,Onoda Yusuke,104.434290545,116.40960255,0.30865643924999997,0.3442718266644654,NA,0.39998152774999995,0.34,NA,17.54047916575
Nageia_nagi,Podocarpaceae,Trees,E,NA,Yakushima,NO,NA,NA,ST2,Onoda Yusuke,103.06449700333333,122.61900969999999,0.262392422,0.3151814477953624,NA,0.386301478,0.3905,NA,15.047722222333334
Neolitsea_aciculata,Lauraceae,Trees,E,NA,Yakushima,NO,NA,NA,ST2,Onoda Yusuke,134.8042368,145.16641595,0.425840379,0.4572304400399388,NA,0.513628391,0.31825,NA,11.0833964275
Neolitsea_sericea,Lauraceae,Trees,E,NA,Yakushima,NO,NA,NA,ST2,Onoda Yusuke,109.40629095999999,122.7691890525,0.4696935325,0.5281142868100561,NA,0.47582346924999996,0.232375,NA,22.1425
Oreocnide_pedunculata,Urticaceae,Trees,E,NA,Yakushima,NO,NA,NA,ST2,Onoda Yusuke,66.2848507,61.3778491,0.27885501133333335,0.2603144305794466,NA,0.34533655,0.24150000000000002,NA,14.124419193333333
Osmanthus_heterophyllus,Oleaceae,Trees,E,NA,Yakushima,NO,NA,NA,ST2,Onoda Yusuke,207.2324683,200.4046555,0.38129249,0.3687298169273229,NA,0.486900749,0.5435,NA,5.766222222
Osmanthus_rigidus,Oleaceae,Trees,E,NA,Yakushima,NO,NA,NA,ST2,Onoda Yusuke,159.81702765,237.7162026,0.30148385899999997,0.44992798574420423,NA,0.45822809600000003,0.5405,NA,12.001833335
Parthenocissus_tricuspidata,Vitaceae,Trees,D,NA,Yakushima,NO,NA,NA,ST2,Onoda Yusuke,61.85397708,69.130215445,0.29206937033333336,0.3151791610497312,NA,0.291233192,0.20966666666666667,NA,73.33583333333334
Pieris_japonica,Ericaceae,Trees,E,NA,Yakushima,NO,NA,NA,ST2,Onoda Yusuke,182.49766806666668,165.14405093333335,0.415766254,0.37555431020431973,NA,0.44475390000000004,0.43966666666666665,NA,2.934254375
Pinus_amamiana,Pinaceae,Trees,E,NA,Yakushima,NO,NA,NA,ST2,Onoda Yusuke,NA,109.78225725,NA,0.12526140717092984,NA,0.34593709,0.8668333333333333,NA,0.9030933333333333
Pinus_densiflora,Pinaceae,Trees,E,NA,Yakushima,NO,NA,NA,ST2,Onoda Yusuke,NA,227.7441455,NA,0.1917264714764781,NA,0.4369346255,1.1865,NA,0.925292735
Pinus_thunbergii,Pinaceae,Trees,E,NA,Yakushima,NO,NA,NA,ST2,Onoda Yusuke,NA,320.8359958666667,NA,0.31082185437275334,NA,0.3788338726666667,1.214,NA,1.6026458333333333
Piper_kadzura,Piperaceae,Trees,E,NA,Yakushima,NO,NA,NA,ST2,Onoda Yusuke,48.05900536,51.08403343,0.14524365233333333,0.15140265953907606,NA,0.17857561900000002,0.3418333333333333,NA,23.41016666666667
Pittosporum_tobira,Pittosporaceae,Trees,E,NA,Yakushima,NO,NA,NA,ST2,Onoda Yusuke,133.6646874,154.31297386666665,0.3423486593333333,0.3959506213463979,NA,0.4168898093333333,0.389,NA,10.751313491
Podocarpus_macrophyllus,Podocarpaceae,Trees,E,NA,Yakushima,NO,NA,NA,ST2,Onoda Yusuke,NA,158.3506969,NA,0.25848339313702184,NA,0.39746048333333334,0.6156666666666667,NA,5.319399470666666
Premna_microphylla,Verbenaceae,Trees,D,NA,Yakushima,NO,NA,NA,ST2,Onoda Yusuke,80.82524629666666,80.24270441666667,0.3520715953333333,0.3505189902960658,NA,0.35112482733333333,0.23,NA,31.456500000000002
Prunus_jamasakura,Rosaceae,Trees,D,NA,Yakushima,NO,NA,NA,ST2,Onoda Yusuke,103.89634685,93.19141315666667,0.5616606715,0.4714439606141767,NA,0.490784941,0.213,NA,36.16818333333333
Prunus_zippeliana,Rosaceae,Trees,E,NA,Yakushima,NO,NA,NA,ST2,Onoda Yusuke,148.1753741,143.24386313333332,0.4073292493333333,0.39086932890362996,NA,0.43919486533333335,0.36433333333333334,NA,32.056333333333335
Psychotria_rubra,Rubiaceae,Trees,E,NA,Yakushima,NO,NA,NA,ST2,Onoda Yusuke,54.5010187125,62.0388254075,0.18700567325,0.21155525126345723,NA,0.202578127,0.30012500000000003,NA,43.435
Psychotria_serpens,Rubiaceae,Trees,E,NA,Yakushima,NO,NA,NA,ST2,Onoda Yusuke,75.94449471,84.01025982666667,0.147808379,0.1619620712131722,NA,0.19847435366666666,0.5356666666666666,NA,3.2666166666666667
Quercus_acuta,Fagaceae,Trees,E,NA,Yakushima,NO,NA,NA,ST2,Onoda Yusuke,142.60282899999999,170.62316856666666,0.37922708,0.4385556852418417,NA,0.49611910433333334,0.388,NA,24.37182738
Quercus_phillyraeoides,Fagaceae,Trees,E,NA,Yakushima,NO,NA,NA,ST2,Onoda Yusuke,176.6619868,190.88535696666668,0.4612326035,0.5039584249190208,NA,0.544754977,0.37916666666666665,NA,5.4414
Quercus_salicina,Fagaceae,Trees,E,NA,Yakushima,NO,NA,NA,ST2,Onoda Yusuke,120.79860182499999,139.9289196,0.36645319875000004,0.42722514090023234,NA,0.49455502875,0.337375,NA,19.76257639
Randia_cochinchinensis,Rubiaceae,Trees,E,NA,Yakushima,NO,NA,NA,ST2,Onoda Yusuke,78.04958409,85.74238272,0.455099616,0.4492153956856014,NA,0.450832605,0.19425,NA,22.937025
Rhaphiolepis_indica_var_umbellata,Rosaceae,Trees,E,NA,Yakushima,NO,NA,NA,ST2,Onoda Yusuke,183.34649443333333,205.54974216666668,0.35404668566666664,0.3972858520678097,NA,0.43017458566666666,0.5205,NA,12.57786111
Rhododendron_indicum,Ericaceae,Trees,E,NA,Yakushima,NO,NA,NA,ST2,Onoda Yusuke,NA,66.46143070666666,NA,0.31529012805092843,NA,0.38548188066666667,0.22283333333333333,NA,0.8433005953333333
Rhododendron_keiskei,Ericaceae,Trees,E,NA,Yakushima,NO,NA,NA,ST2,Onoda Yusuke,54.692004645,59.72165387333334,0.2333204015,0.17121305802721537,NA,0.3196503276666667,0.9091666666666666,NA,8.681575395666666
Rhododendron_tashiroi,Ericaceae,Trees,E,NA,Yakushima,NO,NA,NA,ST2,Onoda Yusuke,114.909868915,119.27332035250001,0.35252897575,0.3633560672643712,NA,0.43773813,0.329875,NA,4.0418559255
Rhododendron_yakumontanum,Ericaceae,Trees,D,NA,Yakushima,NO,NA,NA,ST2,Onoda Yusuke,65.934709825,66.691366205,0.24096130300000002,0.24610165335998754,NA,0.3306257485,0.29,NA,7.161388888499999
Rhododendron_yakusimanum,Ericaceae,Trees,E,NA,Yakushima,NO,NA,NA,ST2,Onoda Yusuke,224.72677963333334,285.26633023333335,0.3576964143333333,0.45130167654749836,NA,0.42172801800000004,0.6288333333333334,NA,11.209355555666667
Rhus_succedanea,Anacardiaceae,Trees,D,NA,Yakushima,NO,NA,NA,ST2,Onoda Yusuke,90.76500301666667,90.07233298333334,0.36773566533333335,0.36539127611881383,NA,0.430492447,0.24833333333333332,NA,17.360744046666667
Rosa_luciae,Rosaceae,Trees,D,NA,Yakushima,NO,NA,NA,ST2,Onoda Yusuke,NA,71.455235545,NA,0.3563833770879412,NA,0.3943371285,0.20350000000000001,NA,4.419988095
Rosa_onoei,Rosaceae,Trees,D,NA,Yakushima,NO,NA,NA,ST2,Onoda Yusuke,NA,43.44973606333333,NA,0.20958278853072007,NA,0.35537007233333334,0.20716666666666667,NA,0.3486157443333333
Rubus_buergeri,Rosaceae,Trees,E,NA,Yakushima,NO,NA,NA,ST2,Onoda Yusuke,55.20766666,53.62560688,0.1930338,0.19184829357261524,NA,0.29786398599999997,0.27875,NA,38.216916665
Rubus_croceacanthus,Rosaceae,Trees,D,NA,Yakushima,NO,NA,NA,ST2,Onoda Yusuke,46.85521525,36.960713104999996,0.277249794,0.195076411013986,NA,0.3572883415,0.19175,NA,5.9521875
Rubus_grayanus,Rosaceae,Trees,D,NA,Yakushima,NO,NA,NA,ST2,Onoda Yusuke,67.90186492,75.23069896333332,0.23813009633333335,0.265110914876353,NA,0.370401426,0.29983333333333334,NA,29.611416666666667
Rubus_illecebrosus_var_yakushimensis,Rosaceae,Trees,NA,NA,Yakushima,NO,NA,NA,ST2,Onoda Yusuke,NA,27.796229963333335,NA,0.18792069848163426,NA,0.22100248,0.1465,NA,1.0426877193333333
Rubus_minusculus,Rosaceae,Trees,D,NA,Yakushima,NO,NA,NA,ST2,Onoda Yusuke,NA,55.391540555,NA,0.3284182647511104,NA,0.4976328885,0.171,NA,1.1671059785
Rubus_palmatus_var_yakumontanus,Rosaceae,Trees,D,NA,Yakushima,NO,NA,NA,ST2,Onoda Yusuke,59.70220225333333,57.87116505,0.20408950533333334,0.19777737728611286,NA,0.32849652,0.2911666666666667,NA,23.790216666666666
Rubus_parvifolius,Rosaceae,Trees,D,NA,Yakushima,NO,NA,NA,ST2,Onoda Yusuke,NA,49.38781094,NA,0.16600944853781513,NA,0.395996344,0.2975,NA,3.654916667
Rubus_pectinellus,Rosaceae,Trees,E,NA,Yakushima,NO,NA,NA,ST2,Onoda Yusuke,34.377467710000005,34.20970615333333,0.2048455,0.18710555282029906,NA,0.2951432616666667,0.19133333333333333,NA,6.621566666666667
Rubus_sieboldii,Rosaceae,Trees,E,NA,Yakushima,NO,NA,NA,ST2,Onoda Yusuke,86.12805322,121.02841044666667,0.17381807966666665,0.24106013518578157,NA,0.3839968246666667,0.5065000000000001,NA,176.80866666666668
Sarcandra_glabra,Chloranthaceae,Trees,E,NA,Yakushima,NO,NA,NA,ST2,Onoda Yusuke,49.815497185,57.292613556666666,0.16660877699999999,0.2037212856510013,NA,0.26405246633333335,0.2808333333333333,NA,30.616083333333332
Schefflera_heptaphylla,Araliaceae,Trees,E,NA,Yakushima,NO,NA,NA,ST2,Onoda Yusuke,100.80237474333333,118.40165833333333,0.32501093233333334,0.3831663186983504,NA,0.3378104396666667,0.31,NA,36.20623148
Schizophragma_hydrangeoides,Hydrangeaceae,Trees,D,NA,Yakushima,NO,NA,NA,ST2,Onoda Yusuke,49.37622954333333,61.754635746666665,0.18557545466666667,0.2325799798482134,NA,0.27137904300000004,0.2648333333333333,NA,45.846555556666665
Scurrula_yadoriki,Loranthaceae,Trees,E,NA,Yakushima,NO,NA,NA,ST2,Onoda Yusuke,205.66213953333335,201.85234216666666,0.41339678533333335,0.4097384542395633,NA,0.4728152406666667,0.5033333333333333,NA,7.6970740740000005
Skimmia_japonica,Rutaceae,Trees,E,NA,Yakushima,NO,NA,NA,ST2,Onoda Yusuke,105.1313892,123.4720685,0.23425769133333332,0.2756808131450802,NA,0.31906523933333336,0.44533333333333336,NA,16.77786111
Smilax_biflora,Smilacaceae,Trees,E,NA,Yakushima,NO,NA,NA,ST2,Onoda Yusuke,NA,43.8230384,NA,0.24619684494382027,NA,0.340356564,0.178,NA,0.342285714
Smilax_china,Smilacaceae,Trees,E,NA,Yakushima,NO,NA,NA,ST2,Onoda Yusuke,64.93521678,62.8414085675,0.2293468355,0.21342965170778042,NA,0.24758951675000002,0.302125,NA,11.169473215
Smilax_sebeana,Smilacaceae,Trees,E,NA,Yakushima,NO,NA,NA,ST2,Onoda Yusuke,72.77200618,79.49707846,0.2586153685,0.2840953517451946,NA,0.29006511749999997,0.2825,NA,28.458541665
Sorbus_commixta,Rosaceae,Trees,D,NA,Yakushima,NO,NA,NA,ST2,Onoda Yusuke,84.67042972666667,79.52892908333334,0.41689344133333334,0.39231747152658636,NA,0.4257311773333333,0.20333333333333334,NA,5.195726144
Stachyurus_praecox_var_lancifolius,Stachyuraceae,Trees,D,NA,Yakushima,NO,NA,NA,ST2,Onoda Yusuke,91.354937345,107.571321915,0.39050871600000003,0.45995160729432066,NA,0.45048281850000005,0.23375,NA,80.127333335
Stauntonia_hexaphylla,Lardizabalaceae,Trees,E,NA,Yakushima,NO,NA,NA,ST2,Onoda Yusuke,93.17566988333333,107.39673766666667,0.24649537900000001,0.28511685007382787,NA,0.36621331166666665,0.37966666666666665,NA,14.382944446666666
Stephania_japonica,Menispermaceae,Trees,E,NA,Yakushima,NO,NA,NA,ST2,Onoda Yusuke,54.307910713333335,62.84268488,0.20473616466666666,0.23756026791279103,NA,0.2885471253333333,0.26083333333333336,NA,57.2305
Stewartia_monadelpha,Theaceae,Trees,D,NA,Yakushima,NO,NA,NA,ST2,Onoda Yusuke,108.64977447666666,103.06970156666667,0.32807450433333335,0.31454228239734844,NA,0.33856183500000003,0.32866666666666666,NA,14.806683333333332
Styrax_ japonica,Styracaceae,Trees,D,NA,Yakushima,NO,NA,NA,ST2,Onoda Yusuke,82.887894362,88.08802526800001,0.3273643274,0.34819862133587226,NA,0.3938173704,0.2532,NA,23.9588499994
Symplocos_cochinchinensis,Symplocaceae,Trees,E,NA,Yakushima,NO,NA,NA,ST2,Onoda Yusuke,94.45739768333333,116.45051476666667,0.31715839700000004,0.3924409651034431,NA,0.3631314193333333,0.29650000000000004,NA,53.924166666666665
Symplocos_coreana,Symplocaceae,Trees,D,NA,Yakushima,NO,NA,NA,ST2,Onoda Yusuke,69.17934859666667,71.53613579333333,0.21760778966666666,0.22471670405840038,NA,0.297394009,0.3278333333333333,NA,6.519672222333333
Symplocos_glauca,Symplocaceae,Trees,E,NA,Yakushima,NO,NA,NA,ST2,Onoda Yusuke,55.58963852,79.11716278666667,0.208072863,0.2789462024879394,NA,0.31881723466666667,0.28400000000000003,NA,32.19558333333333
Symplocos_kuroki,Symplocaceae,Trees,E,NA,Yakushima,NO,NA,NA,ST2,Onoda Yusuke,152.57653876666666,164.82219703333334,0.36457780933333334,0.40823092163886243,NA,0.429403916,0.41383333333333333,NA,9.286059596
Symplocos_myrtacea,Symplocaceae,Trees,E,NA,Yakushima,NO,NA,NA,ST2,Onoda Yusuke,78.0920254,76.6634675,0.23837508166666665,0.22848365670921256,NA,0.3142628043333333,0.371,NA,3.6814639
Symplocos_prunifolia,Symplocaceae,Trees,E,NA,Yakushima,NO,NA,NA,ST2,Onoda Yusuke,127.53616106666666,143.88837803333334,0.386732226,0.43792804674216806,NA,0.42619806233333335,0.3305,NA,7.374425641
Symplocos_tanakae,Symplocaceae,Trees,E,NA,Yakushima,NO,NA,NA,ST2,Onoda Yusuke,121.25060185333334,143.11696419999998,0.2810054926666667,0.33282696777222454,NA,0.383797415,0.42916666666666664,NA,26.690394443333332
Syzygium_buxifolium,Myrtaceae,Trees,E,NA,Yakushima,NO,NA,NA,ST2,Onoda Yusuke,112.04507993666667,103.78297810833334,0.2883684593333333,0.29851751654564274,NA,0.4472352273333333,0.7254166666666667,NA,2.7784188491666666
Syzygium_jambos,Myrtaceae,Trees,E,NA,Yakushima,NO,NA,NA,ST2,Onoda Yusuke,143.9397305,171.5513693,0.381802999,0.45504341989389924,NA,0.419287317,0.377,NA,42.11333333
Tarenna_gracilipes,Rubiaceae,Trees,E,NA,Yakushima,NO,NA,NA,ST2,Onoda Yusuke,30.977918120000002,35.05289313,0.17645463066666667,0.1997884910002901,NA,0.2476594993333333,0.17600000000000002,NA,42.521
Ternstroemia_gymnanthera,Theaceae,Trees,E,NA,Yakushima,NO,NA,NA,ST2,Onoda Yusuke,164.67231446666668,176.8293262,0.2606606343333333,0.27963043566406603,NA,0.3705454636666667,0.6321666666666667,NA,8.459636363666666
Tetradium_glabrifolium_var_glauca,Rutaceae,Trees,D,NA,Yakushima,NO,NA,NA,ST2,Onoda Yusuke,84.27572546666667,98.27152990666667,0.3702978726666667,0.4308117226041204,NA,0.4232013963333333,0.22833333333333333,NA,14.177407599999999
Trachelospermum_asiaticum,Apocynaceae,Trees,E,NA,Yakushima,NO,NA,NA,ST2,Onoda Yusuke,94.26641176666666,95.82986556666667,0.26085081266666665,0.26389051059792734,NA,0.33729365733333333,0.36483333333333334,NA,11.274837036
Trema_orientalis,Ulmaceae,Trees,E,NA,Yakushima,NO,NA,NA,ST2,Onoda Yusuke,95.49296585333333,103.1015553,0.30570941566666665,0.3311038590955763,NA,0.405532768,0.31583333333333335,NA,19.8265
Tripetaleia_paniculata,Ericaceae,Trees,D,NA,Yakushima,NO,NA,NA,ST2,Onoda Yusuke,71.68975256499999,65.78938590333334,0.35141290150000004,0.3347956123880953,NA,0.35060152733333333,0.19816666666666666,NA,3.3659666666666666
Tripterygium_doianum,Celastraceae,Trees,D,NA,Yakushima,NO,NA,NA,ST2,Onoda Yusuke,60.30486897,62.931401476666665,0.204442253,0.2134908878637736,NA,0.275285096,0.3041666666666667,NA,21.914055553333334
Trochodendron_aralioides,Trochodendraceae,Trees,E,NA,Yakushima,NO,NA,NA,ST2,Onoda Yusuke,119.6845172,139.9358073,0.34159191425,0.3949190574155841,NA,0.40211260725,0.3565,NA,12.48351388975
Tsuga_sieboldii,0,Trees,E,NA,Yakushima,NO,NA,NA,ST2,Onoda Yusuke,NA,130.99525283333332,NA,0.2947448226693501,NA,0.444024828,0.4445,NA,0.14190015266666667
Tsuga_sieboldii,Pinaceae,Trees,E,NA,Yakushima,NO,NA,NA,ST2,Onoda Yusuke,NA,130.99525283333332,NA,0.2947448226693501,NA,0.444024828,0.4445,NA,0.14190015266666667
Turpinia_ternata,Staphyleaceae,Trees,E,NA,Yakushima,NO,NA,NA,ST2,Onoda Yusuke,98.71426191,100.76001137333333,0.29679353933333336,0.3081062989855584,NA,0.30045125666666667,0.33366666666666667,NA,42.0245
Uncaria_rynchophylla,Rubiaceae,Trees,E,NA,Yakushima,NO,NA,NA,ST2,Onoda Yusuke,77.35354647333334,80.22207526333334,0.36211895133333333,0.37622083554964575,NA,0.40499616266666666,0.21366666666666667,NA,22.26523611
Vaccinium_bracteatum,Ericaceae,Trees,E,NA,Yakushima,NO,NA,NA,ST2,Onoda Yusuke,113.95493922666667,119.63629623333334,0.338043252,0.3564438542961868,NA,0.39481675433333335,0.33616666666666667,NA,6.954488888999999
Vaccinium_yakushimense,Ericaceae,Trees,D,NA,Yakushima,NO,NA,NA,ST2,Onoda Yusuke,51.566201559999996,63.25860510333333,0.2648820255,0.32070076252693563,NA,0.36978070366666665,0.196,NA,3.7044521366666663
Vernicia_cordata,Euphorbiaceae,Trees,D,NA,Yakushima,NO,NA,NA,ST2,Onoda Yusuke,78.26179068333333,89.82845519333333,0.344433713,0.39655686420069025,NA,0.3795013076666667,0.22716666666666668,NA,155.38622222333333
Viburnum urceolatum f. brevifolium,Caprifoliaceae,Trees,D,NA,Yakushima,NO,NA,NA,ST2,Onoda Yusuke,64.66783647666666,62.98835977333333,0.22857223533333335,0.22239357778026544,NA,0.32894021566666665,0.31133333333333335,NA,12.670041666666666
Viburnum_furcatum,Caprifoliaceae,Trees,D,NA,Yakushima,NO,NA,NA,ST2,Onoda Yusuke,63.98028712,69.39595746,0.23918572433333335,0.26084812855146267,NA,0.341423321,0.2688333333333333,NA,60.65480555333333
Viburnum_odoratissimum_var_awabuki,Caprifoliaceae,Trees,E,NA,Yakushima,NO,NA,NA,ST2,Onoda Yusuke,91.92789513666668,121.62807600333333,0.20387402466666665,0.27110896154035263,NA,0.29721906000000003,0.48183333333333334,NA,38.710944446666666
Vitex_rotundifolia,Verbenaceae,Trees,E,NA,Yakushima,NO,NA,NA,ST2,Onoda Yusuke,92.8955572,90.85032422500001,0.2610929405,0.2538138750416276,NA,0.302991201,0.354,NA,9.8816388905
Vitis_ficifolia,Vitaceae,Trees,D,NA,Yakushima,NO,NA,NA,ST2,Onoda Yusuke,57.98332886666667,71.71556689333333,0.19942127233333334,0.24705143704256358,NA,0.34547663166666664,0.2906666666666667,NA,66.66344444666666
Vitis_flexuosa,Vitaceae,Trees,D,NA,Yakushima,NO,NA,NA,ST2,Onoda Yusuke,40.711834445,49.203505995,0.275321714,0.3326008867083191,NA,0.306745017,0.14825,NA,31.148083335000003
Zanthoxylum_ailanthoides,Rutaceae,Trees,D,NA,Yakushima,NO,NA,NA,ST2,Onoda Yusuke,93.32209242249999,99.4175523675,0.33970096,0.3617601178487273,NA,0.3782571415,0.275625,NA,35.1096167775
Zanthoxylum_yakumontanum,Rutaceae,Trees,D,NA,Yakushima,NO,NA,NA,ST2,Onoda Yusuke,70.983104615,77.74736519666666,0.2796074065,0.2948394456810363,NA,0.3580299793333333,0.2725,NA,28.460764310000002
