species,family,growth_form,leaf_habit,leaf_type,location,biomes,data_contributor,lma_disc,lma_leaf,ld_disc,ld_leaf,lt_leaf,lt_disc,la_leaf,garden
Lithocarpus pachyphyllus,Fagaceae,T,E,S,Ailao_understory,STF,Chen Yajun,0.0156315624118626,0.012675603099163713,-0.07162169990614296,-0.03405626471151269,-0.05700514182174671,-0.014255788401195138,0.031961954543078194,NO
Ternstroemia gymnanthera,Pentaphylacaceae,T,E,S,Ailao_understory,STF,Chen Yajun,0.04336320128751089,0.020517536416577147,-0.12254748676544032,-0.061563293675445316,-0.08060889964836937,-0.09318053249700192,0.02166960679583174,NO
Lyonia ovalifolia,Ericaceae,T,D,S,Ailao_understory,STF,Chen Yajun,0.08774982889634146,0.03664954818030539,-0.1721593324925864,-0.16203396668800213,-0.04260884940481061,-0.10582055157324781,0.06278996377038736,NO
Litsea cubeba,Lauraceae,T,D,S,Ailao_understory,STF,Chen Yajun,0.03708666661460727,0.03074064358329078,-0.0995495739958995,-0.0776630860612564,-0.03136464505586084,-0.03846694681620184,0.03458066106858235,NO
Viburnum cylindricum,Adoxaceae,T,E,S,Ailao_understory,STF,Chen Yajun,0.023894496620591437,0.009294292509758096,-0.09009467524135502,-0.020809264248253447,-0.055387113382577693,-0.09044535417724199,0.021010258757988856,NO
Styrax perkinsiae,Styracaceae,T,D,S,Ailao_understory,STF,Chen Yajun,0.03249785743783434,0.03075169656040337,-0.13579263447165496,-0.24599484657049153,-0.16668040530889175,-0.0686809710657817,0.07119708728288583,NO
Symplocos ramosissima,Symplocaceae,T,E,S,Ailao_understory,STF,Chen Yajun,0.038117212626210456,0.03178708267353163,-0.13303103329010305,-0.04951676259068041,-0.08208488153557637,-0.08846019016164548,0.011497375465078055,NO
Rubus paniculatus,Rosaceae,L,D,S,Ailao_understory,STF,Chen Yajun,0.02951267561365106,0.0342369071690746,-0.0659660514707611,-0.07292243487765393,-0.0874804299448012,-0.07619808958322875,0.043382012905058026,NO
Rhododendron leptothrium,Ericaceae,T,E,S,Ailao_understory,STF,Chen Yajun,0.03705639884456507,0.028129240267299953,-0.0995608357773014,-0.04156766269002026,-0.07140301310303766,-0.07056614773032419,0.04197438537258088,NO
Camellia forrestii,Theaceae,T,E,S,Ailao_understory,STF,Chen Yajun,0.01166327218620537,0.007319656229824669,-0.046395227407021976,-0.025001369372253106,-0.02354423673669994,-0.02678336189921519,0.06523228666842819,NO
Illicium burmanicum,Schisandraceae,T,E,S,Ailao_understory,STF,Chen Yajun,0.0177903915606863,0.04552186461115284,-0.05531642044545673,-0.10124067355820117,-0.09485438562740665,-0.013428244849873488,0.04521658790956768,NO
Machilus gamblei,Lauraceae,T,E,S,Ailao_understory,STF,Chen Yajun,0.038728541647103654,0.0218913517168126,-0.1130975887903923,-0.01710929417235579,-0.07283510272485735,-0.03210809856302714,0.07096278499919231,NO
Rhododendron delavayi,Ericaceae,T,E,S,Ailao_understory,STF,Chen Yajun,0.03427415325036139,0.02655299002639612,-0.10135868212860985,-0.07018270512554502,-0.08995324478999035,-0.12364426091539363,0.032314001850652946,NO
Vaccinium duclouxii,Ericaceae,T,E,S,Ailao_understory,STF,Chen Yajun,0.05761851990919777,0.036316260845098994,-0.14641790217946682,-0.1626996164889127,-0.05849815893008301,-0.20735210928173375,0.07391427657117934,NO
Lithocarpus hancei,Fagaceae,T,E,S,Ailao_understory,STF,Chen Yajun,0.0334317325980338,0.0159882161119225,-0.08219522570256572,-0.02358044427637965,-0.06230043419012321,-0.06171742537109525,0.10970574464833818,NO
Ilex polyneura,Aquifoliaceae,T,D,S,Ailao_understory,STF,Chen Yajun,0.03211944682500118,0.018925235184880502,-0.12869318962254317,-0.07354738661516605,-0.0628502763895349,-0.04012527180778765,0.040957918191639346,NO
Betula alnoides,Betulaceae,T,D,S,Ailao_understory,STF,Chen Yajun,0.04992153880853907,0.03654655122786398,-0.14624667580535786,-0.08101008923718385,-0.03863388308178072,-0.10540306039516752,0.046135508486636,NO
Rosa longicuspis,Rosaceae,L,E,C,Ailao_understory,STF,Chen Yajun,0.028958489362793712,0.05870978336184143,-0.11265067950334134,-0.11122394127008602,-0.11368666813656314,-0.05682589495596492,0.0745257930611196,NO
Symplocos sumuntia,Symplocaceae,T,E,S,Ailao_understory,STF,Chen Yajun,0.046730944946771207,0.013508715272917011,-0.06551158667187602,-0.04718637902354486,-0.0447047776610809,-0.1408761159316169,0.059240206509017256,NO
Ilex szechwanensis,Aquifoliaceae,T,E,S,Ailao_understory,STF,Chen Yajun,0.02548973429426734,0.01288283294402741,-0.07500481253720324,-0.047155459226463525,-0.03428710299528651,-0.03938183385032899,0.01791754568438659,NO
Symplocos poilanei,Symplocaceae,T,E,S,Ailao_understory,STF,Chen Yajun,0.04974296528784879,0.024053642533742512,-0.06738703118316312,-0.03673090977488425,-0.0866941651163407,-0.1316364664241621,0.030162557196860666,NO
Laurocerasus undulata,Rosaceae,T,E,S,Ailao_understory,STF,Chen Yajun,0.06330852373169694,0.03327278328861823,-0.1728091821184763,-0.12593053791900713,-0.06232377273748542,-0.0703325442567584,0.03465509500036903,NO
Cyclobalanopsis stewardiana,Fagaceae,T,E,S,Ailao_understory,STF,Chen Yajun,0.030809489355275006,0.023026936890786758,-0.10795375579553307,-0.1601635295927265,-0.10208122114606717,-0.10031621257800837,0.019923538691657607,NO
Tetracentron sinense,Trochodendraceae,T,D,S,Ailao_understory,STF,Chen Yajun,0.05925939914123664,0.053591650294463264,-0.12223662238733551,-0.1544298129185313,-0.031911945923050695,-0.18791840854787958,0.06121766658998052,NO
Actinidia callosa,Actinidiaceae,L,D,S,Ailao_understory,STF,Chen Yajun,0.03144553959515704,0.03398086696593873,-0.19495548438645324,-0.14592563641075482,-0.1239956218283651,-0.2068793004673668,0.044609578860520686,NO
Sorbus globosa,Rosaceae,T,D,S,Ailao_understory,STF,Chen Yajun,0.07237476433232433,0.031634209575230034,-0.17567233975294602,-0.0776991251694057,-0.048827317015339974,-0.07567114521050558,0.03440484433842793,NO
Ilex corallina,Aquifoliaceae,T,E,S,Ailao_understory,STF,Chen Yajun,0.01597088396709038,0.010828360656901922,-0.02915583456179346,-0.040203130852251905,-0.02765685978760799,-0.04281761260443751,0.08292891149940804,NO
Rubus wallichianus,Rosaceae,L,E,C,Ailao_understory,STF,Chen Yajun,0.07695532872887391,0.054928100819596266,-0.139830236780662,-0.055301912583431964,-0.13178759149742972,-0.09303929968044763,0.03448482408359233,NO
Ilex gintungensis,Aquifoliaceae,T,E,S,Ailao_understory,STF,Chen Yajun,0.04401352343025546,0.04141284355832495,-0.1432497301566856,-0.13235595100245923,-0.09122278548093285,-0.1064274865417741,0.11809285060625181,NO
Neolitsea chui,Lauraceae,T,E,S,Ailao_understory,STF,Chen Yajun,0.054549859537201865,0.011767454496970526,-0.15069715514191376,-0.05343927611715581,-0.01883077287101249,-0.05804571168714124,0.023679370749783258,NO
Rhododendron decorum,Ericaceae,S,E,S,Ailao_understory,STF,Chen Yajun,0.056025067656172954,0.021829422120167773,-0.15890091519342822,-0.117461544519517,-0.04454518295239168,-0.04526474849335022,0.018661659568490245,NO
Manglietia insignis,Magnoliaceae,T,E,S,Ailao_understory,STF,Chen Yajun,0.0389650491963039,0.022487313745099272,-0.03557096778825061,-0.03313208230799496,-0.06631984252089038,-0.1578001536328225,0.03832557391067101,NO
Eurya obliquifolia,Pentaphylacaceae,T,E,S,Ailao_understory,STF,Chen Yajun,0.029944771385255104,0.018763681475544972,-0.09874324663564758,-0.07248971321578096,-0.041129872598880075,-0.042875688744409425,0.039920475376080185,NO
Lithocarpus xylocarpus,Fagaceae,T,E,S,Ailao_understory,STF,Chen Yajun,0.021784862202541336,0.03072655567223945,-0.05200322393846376,-0.13165240091619645,-0.14362247896375593,-0.06660656215299343,0.10585335490606416,NO
Litsea elongata,Lauraceae,T,E,S,Ailao_understory,STF,Chen Yajun,0.029760822821982592,0.02143536278510326,-0.08899565375673871,-0.07745614598401436,-0.02522226758859661,-0.041072183718878656,0.07442017956087456,NO
Hartia sinensis,Theaceae,T,E,S,Ailao_understory,STF,Chen Yajun,0.030683101358664408,0.028236620575068073,-0.1028484516595771,-0.12294952456877972,-0.04455210501312888,-0.026610104960023275,0.04780197759575718,NO
Acer campbellii,Sapindaceae,T,D,S,Ailao_understory,STF,Chen Yajun,0.04784461461400639,0.02243151857738218,-0.17622567213841725,-0.1856601401016572,-0.04869145298162147,-0.06670523758636675,0.06783809383490343,NO
Clethra delavayi,Clethraceae,T,D,S,Ailao_understory,STF,Chen Yajun,0.010220194011033822,0.030443832439201506,-0.07451656026325394,-0.11773764878379052,-0.02206499188800699,-0.06882464182945905,0.07096738794603623,NO
Eriobotrya bengalensis,Rosaceae,T,E,S,Ailao_understory,STF,Chen Yajun,0.055243004321072105,0.014320132657704843,-0.1369269340279345,-0.04058758135213781,-0.051818880234500576,-0.13041756967078386,0.05287825005072783,NO
Machilus salicina,Lauraceae,S,E,S,Ailao_understory,STF,Chen Yajun,0.023878281300525224,0.01932947414079422,-0.1548858512006432,-0.0795410477909048,-0.048990887317327585,-0.04540766724212324,0.02697733649765978,NO
Neolitsea polycarpa,Lauraceae,T,E,S,Ailao_understory,STF,Chen Yajun,0.028396244320985805,0.009128003303520793,-0.14074461469447697,-0.05651653463116363,-0.037512484009580446,-0.06825740373489304,0.03635849115624005,NO
Meliosma kirkii,Sabiaceae,T,D,C,Ailao_understory,STF,Chen Yajun,0.02111398857868768,0.013118964429910639,-0.047244721691399996,-0.03856534851152389,-0.021059024498436916,-0.032959335228872816,0.024424267950191474,NO
Symplocos anomala,Symplocaceae,T,E,S,Ailao_understory,STF,Chen Yajun,0.08191479672910726,0.018617955297195687,-0.10395050741816503,-0.10247477320931551,-0.08828974454649699,-0.079323918036463,0.059240206509017256,NO
Machilus yunnanensis,Lauraceae,T,E,S,Ailao_understory,STF,Chen Yajun,0.07167831233244495,0.04779544454036812,-0.2264755856118436,-0.22699774385005872,-0.08153687989052083,-0.12932260095443107,0.09264608528306123,NO
Castanopsis wattii,Fagaceae,T,E,S,Ailao_understory,STF,Chen Yajun,0.02046327709302813,0.03137555275498266,-0.052445166926567394,-0.1251589401024071,-0.059228127177705744,-0.05539079953586288,0.056767559789427914,NO
Cerasus cerasoides,Rosaceae,T,D,S,Ailao_understory,STF,Chen Yajun,0.07457483305411051,0.048314390352091105,-0.08778453118159579,-0.05946985096057664,-0.07427024972240193,-0.07347416807840443,0.0285878480781127,NO
Schima noronhae,Theaceae,T,E,S,Ailao_understory,STF,Chen Yajun,0.026576995733763407,0.03388681137434794,-0.05015140986403479,-0.15351174131874173,-0.031133751801293116,-0.06684636590852644,0.08460693516607462,NO
Semecarpus reticulatus,Anacardiaceae,T,E,S,Mengla_Bubeng,TRF,Chen Yajun,0.03627973489887062,0.04012883056563976,-0.14412295782519327,-0.14675774245816064,-0.06560821765063116,-0.03532660644605197,0.03598321443378546,NO
Pseuduvaria trimera,Annonaceae,T,E,S,Mengla_Bubeng,TRF,Chen Yajun,0.016708601675182337,0.022603339659494036,-0.10539295522377333,-0.050494164150491606,-0.04456024481295436,-0.03849029960181895,0.08164172338337525,NO
Uncaria macrophylla,Rubiaceae,L,D,S,Mengla_Bubeng,TRF,Chen Yajun,0.03019385164979369,0.022829420742534995,-0.06099023873629583,-0.05025697203639654,-0.05847505180124109,-0.06984418014613902,0.08500373857483513,NO
Pometia tomentosa,Sapindaceae,T,D,C,Mengla_Bubeng,TRF,Chen Yajun,0.016305737608948854,0.014939933276563164,-0.13706960656213302,-0.13712124545432966,-0.029205131204197342,-0.04280244891637471,0.020473294802327166,NO
Diospyros hasseltii,Ebenaceae,T,D,S,Mengla_Bubeng,TRF,Chen Yajun,0.04318346011352298,0.04329688266583702,-0.09736303575268287,-0.11341776557940164,-0.06380025569508894,-0.06213285030245394,0.06904902622636024,NO
Castanopsis indica,Fagaceae,T,E,S,Mengla_Bubeng,TRF,Chen Yajun,0.01937623617905647,0.009497891087019908,-0.11415556976561043,-0.051671729349011854,-0.055522882347452805,-0.08185500000512087,0.06554476975748114,NO
Colona thorelii,Malvaceae,T,E,S,Mengla_Bubeng,TRF,Chen Yajun,0.03855451388538464,0.012164046489659342,-0.10308842679907229,-0.025257656204265764,-0.052985267130381604,-0.039213859170529775,0.0434595791032946,NO
Barringtonia macrostachya,Lecythidaceae,T,E,S,Mengla_Bubeng,TRF,Chen Yajun,0.030942591153557714,0.02073023323728001,-0.09275193077147592,-0.0713970702287009,-0.04504127303057757,-0.07731692135771748,0.020908483684185318,NO
Lindera metcalfiana,Lauraceae,T,E,S,Mengla_Bubeng,TRF,Chen Yajun,0.05282583952525669,0.016194704605715003,-0.17867122687835585,-0.07119754198500587,-0.019437062764634555,-0.02070736169359391,0.0610574527618974,NO
Embelia longifolia,Primulaceae,L,E,S,Mengla_Bubeng,TRF,Chen Yajun,0.01801862439274987,0.019746698562584326,-0.05789219785111292,-0.054793663208253414,-0.032636310547839706,-0.018667266343989693,0.04808252144178845,NO
Stixis suaveolens,Capparaceae,L,E,S,Mengla_Bubeng,TRF,Chen Yajun,0.015260046106396771,0.022987790415576064,-0.03597673850563704,-0.07867938500995937,-0.03278026994496982,-0.04563241896751739,0.01771708033911102,NO
Bauhinia aurea,Leguminosae,L,E,S,Mengla_Bubeng,TRF,Chen Yajun,0.03305642438935074,0.024385638893566115,-0.11022239202152753,-0.09090845148733145,-0.035384594191408845,-0.05848845724948174,0.04884199651637345,NO
Capparis fohaiensis,Capparaceae,L,E,S,Mengla_Bubeng,TRF,Chen Yajun,0.006700310400061815,0.010925836270277562,-0.021728406547193303,-0.06444666822183476,-0.025352683702901974,-0.04533654710988222,0.01850905331621408,NO
Alseodaphne andersonii,Lauraceae,T,E,S,Mengla_Bubeng,TRF,Chen Yajun,0.02104899709688577,0.028497448511936183,-0.09483856819376875,-0.17864860729276366,-0.044223824663831,-0.04914894600744229,0.024393260702929888,NO
Ficus drupacea,Moraceae,T,E,S,Mengla_Bubeng,TRF,Chen Yajun,0.025144471758974524,0.015837452033112258,-0.1520266374128141,-0.06103873164616025,-0.11757261675098142,-0.05503339194468102,0.023076836428635866,NO
Fissistigma maclurei,Annonaceae,L,E,S,Mengla_Bubeng,TRF,Chen Yajun,0.013748020644887145,0.013442960550032225,-0.04724708537795525,-0.10024670944916478,-0.03882550271256524,-0.031192395175125596,0.058597545225412,NO
Garcinia cowa,Clusiaceae,T,E,S,Mengla_Bubeng,TRF,Chen Yajun,0.009136847452382049,0.022514580705619205,-0.03583153209743777,-0.08388359942255283,-0.03495480189639966,-0.044441939941752405,0.029035129635411702,NO
Bauhinia glauca subsp. tenuiflora,Leguminosae,L,E,S,Mengla_Bubeng,TRF,Chen Yajun,0.051761993558475786,0.03736488072933777,-0.13672873841257946,-0.0993518098747874,-0.029152562493223753,-0.03819473039043139,0.030663587908365247,NO
Sloanea tomentosa,Elaeocarpaceae,T,E,S,Mengla_Bubeng,TRF,Chen Yajun,0.011400892775951084,0.09546969228571095,-0.18450960152385443,-0.40822028580739966,-0.06738396401920978,-0.117901011789362,0.04322226690131504,NO
Ficus sagittata,Moraceae,L,D,S,Mengla_Bubeng,TRF,Chen Yajun,0.02017252480234976,0.01949426880305898,-0.062390335905937844,-0.0550237648801972,-0.06948649012864296,-0.06167525837207237,0.041063843454678166,NO
Parashorea chinensis,Dipterocarpaceae,T,E,S,Mengla_Bubeng,TRF,Chen Yajun,0.028841452388613922,0.01930011146115933,-0.10550288925937154,-0.029402451655929168,-0.05477973815269363,-0.06571287625333576,0.03701341446593964,NO
Combretum latifolium,Combretaceae,L,D,S,Mengla_Bubeng,TRF,Chen Yajun,0.03422398657927147,0.04514202076245201,-0.17304686464196783,-0.1868173953211006,-0.044549297003528505,-0.03405637635386386,0.059216763082091964,NO
Lithocarpus craibianus,Fagaceae,T,E,S,Mengla_Bubeng,TRF,Chen Yajun,0.01519154268843142,0.01747138029270195,-0.057492019012925895,-0.12489265154624359,-0.03929976671169538,-0.07067009467229769,0.06587004092068846,NO
Duabanga grandiflora,Lythraceae,T,E,S,Mengla_Bubeng,TRF,Chen Yajun,0.029941922432992613,0.034579751185867466,-0.09091485329523741,-0.15132233303973702,-0.08857657366268248,-0.09208113340349977,0.02391216145289129,NO
Croton tiglium spp. A,Euphorbiaceae,T,D,S,Mengla_Bubeng,TRF,Chen Yajun,0.014404481328505511,0.019695441793421094,-0.04732323828486275,-0.04420298336288148,-0.036179117162818186,-0.031144750265702306,0.0445353484156553,NO
Croton tiglium spp. B,Euphorbiaceae,T,D,S,Mengla_Bubeng,TRF,Chen Yajun,0.02075217661637739,0.01866718200668456,-0.13974855952853532,-0.07550475306426549,-0.05688904012089321,-0.09276953583383828,0.04788542096622244,NO
Fissistigma polyanthum,Annonaceae,L,E,S,Mengla_Bubeng,TRF,Chen Yajun,0.012988789303290539,0.006487944528588598,-0.0985939704998069,-0.05295241669821615,-0.027114143725995375,-0.06931838729734377,0.06427466622162589,NO
Cleidion brevipetiolatum,Euphorbiaceae,T,E,S,Mengla_Bubeng,TRF,Chen Yajun,0.012013211027870264,0.012183344614551603,-0.07520521030125105,-0.045494567719748705,-0.01300649280377039,-0.05100991513880227,0.05072156111733991,NO
Uncaria laevigata,Rubiaceae,L,D,S,Mengla_Bubeng,TRF,Chen Yajun,0.011983390132771932,0.018221328918190713,-0.0732180117791737,-0.06639446137725108,-0.013319346267563285,-0.026597618408159853,0.031126010624444506,NO
Aglaia lawii,Meliaceae,T,D,C,Mengla_Bubeng,TRF,Chen Yajun,0.019390175839594914,0.030623358121427337,-0.09136899527765174,-0.14209572770858953,-0.019535528756147013,-0.05679525406559023,0.04387871103162291,NO
Sargentodoxa cuneata,Lardizabalaceae,L,D,C,Mengla_Bubeng,TRF,Chen Yajun,0.03720427917539637,0.04508180932516319,-0.20636914195941625,-0.19182864742336228,-0.22498449409330942,-0.2259763141882771,0.02843244577888144,NO
Garuga pinnata,Burseraceae,T,D,C,Mengla_Bubeng,TRF,Chen Yajun,0.029968596888312823,0.019037770678772145,-0.13212090341038574,-0.07954181280853627,-0.03932173529632262,-0.057794012554337214,0.036466703587849585,NO
Litsea dilleniifolia,Lauraceae,T,E,S,Mengla_Bubeng,TRF,Chen Yajun,0.024316547674382977,0.033737097539750086,-0.07076435874192856,-0.12062011926504798,-0.05538071312760538,-0.04344718993140171,0.030560854251419498,NO
Tetracera sarmentosa,Dilleniaceae,L,E,S,Mengla_Bubeng,TRF,Chen Yajun,0.03278648405176356,0.02367795406722422,-0.057108566894161494,-0.05539694034344501,-0.014137957397127138,-0.03251695314889335,0.0517314583624769,NO
Strychnos angustiflora,Loganiaceae,L,E,S,Mengla_Bubeng,TRF,Chen Yajun,0.02559547891168996,0.009558856011762266,-0.06587682027845024,-0.0573720999801911,-0.02467168446216061,-0.03058730449164175,0.09706956326295692,NO
Mussaenda pubescens,Rubiaceae,L,D,S,Mengla_Bubeng,TRF,Chen Yajun,0.026690314667837455,0.010758104984615064,-0.07463616530233459,-0.047700267483513935,-0.027668292165907715,-0.05869666475600589,0.04660872098866118,NO
Ficus langkokensis,Moraceae,T,D,S,Mengla_Bubeng,TRF,Chen Yajun,0.012794476199248034,0.03162145022908852,-0.06279644182826348,-0.03609526080481984,-0.06442958279129685,-0.04644742971674747,0.01719295782689257,NO
Canarium album,Burseraceae,T,D,C,Mengla_Bubeng,TRF,Chen Yajun,0.018075804897506213,0.016200664459275444,-0.09530233633565392,-0.08177143042313499,-0.04612935368091852,-0.018736951604313833,0.045906616432816474,NO
Pittosporopsis kerrii,Icacinaceae,T,D,S,Mengla_Bubeng,TRF,Chen Yajun,0.03537505679591609,0.031655798040744323,-0.07587046506308727,-0.07095809243152293,-0.04832513913577451,-0.06360116393134813,0.04534242766247973,NO
Ficus semicordata,Moraceae,T,D,S,Mengla_Bubeng,TRF,Chen Yajun,0.0653037807939992,0.02509446824079682,-0.06644075717931498,-0.055346198187779694,-0.05908180673822454,-0.10169585537694249,0.013358125840325278,NO
Harpullia cupanioides,Sapindaceae,T,E,S,Mengla_Bubeng,TRF,Chen Yajun,0.027850257372853453,0.03036697719908288,-0.05494376985628651,-0.06883895312478007,-0.047342320006482246,-0.041091648280686954,0.04739972373504418,NO
Dysoxylum lenticellatum,Meliaceae,T,D,C,Mengla_Bubeng,TRF,Chen Yajun,0.07230860833593188,0.01796021624054838,-0.2477048186202344,-0.06627711558606268,-0.02837416029380586,-0.03519865611956589,0.20293302628491447,NO
Nephelium chryseum,Sapindaceae,T,E,C,Mengla_Bubeng,TRF,Chen Yajun,0.03287632754669382,0.04164825817928308,-0.1384286838073506,-0.22939050245781012,-0.027157568746810874,-0.047033463051727384,0.04193229910570461,NO
Glochidion puberum,Phyllanthaceae,S,D,S,Mengla_Bubeng,TRF,Chen Yajun,0.032560495706713384,0.011512160445532778,-0.2168559113793451,-0.04048257172043228,-0.03792496672356528,-0.07594519077842347,0.059788993460399696,NO
Phoebe lanceolata,Lauraceae,T,E,S,Mengla_Bubeng,TRF,Chen Yajun,0.032865966675059526,0.019706043810258495,-0.10997297195063839,-0.14402516111799923,-0.017387505701322754,-0.024929628548055107,0.04727525911018765,NO
Poikilospermum suaveolens,Urticaceae,L,E,S,Mengla_Bubeng,TRF,Chen Yajun,0.04325546062962319,0.1313821507155785,-0.04945093061405961,-0.23269225278661423,-0.09233490338567178,-0.06823131754055659,0.10102515525882184,NO
Alnus cremastogyne,Betulaceae,T,E,S,Mengla_Bubeng,TRF,Chen Yajun,0.012998922223044534,0.0067980631699218535,-0.046507890782681895,-0.04855476967052974,-0.0216784338511934,-0.015392937798581396,0.045963726121258326,NO
Heteropanax fragrans,Araliaceae,T,E,C,Mengla_Bubeng,TRF,Chen Yajun,0.02834699424592028,0.018601521750388397,-0.0666960137082828,-0.05437580211027704,-0.049084029802564245,-0.07350780430135626,0.049759563707974276,NO
Baccaurea ramiflora,Phyllanthaceae,T,E,S,Mengla_Bubeng,TRF,Chen Yajun,0.01870770393024875,0.009430981311054756,-0.08763314089097364,-0.030924030618413548,-0.029267065518814275,-0.05303054204169832,0.02900813206556929,NO
Symplocos cochinchinensis,Symplocaceae,T,E,S,Mengla_Bubeng,TRF,Chen Yajun,0.037573260954395206,0.046186612704971056,-0.15202737625030233,-0.15175181098557405,-0.13724552073083465,-0.04212260166939651,0.052623878473576836,NO
Canthium simile,Rubiaceae,T,E,S,Mengla_Bubeng,TRF,Chen Yajun,0.011917065815636453,0.033400523911727084,-0.16080480273985054,-0.09525686371765632,-0.06124741759340315,-0.09434760937128789,0.04343258537706932,NO
Celtis timorensis,Cannabaceae,T,E,S,Mengla_Bubeng,TRF,Chen Yajun,0.04092073806465222,0.04639151143015195,-0.06952705823644588,-0.14413934628029243,-0.08476672661415688,-0.14354575336295866,0.020255857106962556,NO
Balakata baccata,Euphorbiaceae,T,E,S,Mengla_Bubeng,TRF,Chen Yajun,0.03140788886724528,0.04664934379079463,-0.06166677711840876,-0.10244983328821838,-0.09292486571951489,-0.059019235946784245,0.037126975167686614,NO
Lithocarpus grandifolius,Fagaceae,T,E,S,Mengla_Bubeng,TRF,Chen Yajun,0.019750731874191234,0.021424640650439437,-0.09091042921222167,-0.13946519342627248,-0.05360401027135207,-0.04381296392020971,0.06008921052178583,NO
Cinnamomum bejolghota,Lauraceae,T,E,S,Mengla_Bubeng,TRF,Chen Yajun,0.007925261790683378,0.013130466422256036,-0.04339955689714648,-0.044574238766447824,-0.05119492310694269,-0.03678617462644705,0.0825147684037045,NO
Cinnamomum tenuipile,Lauraceae,T,E,S,Mengla_Bubeng,TRF,Chen Yajun,0.010256875531608872,0.020707359513196046,-0.08250953608056429,-0.14190587942366378,-0.050457128531650394,-0.02560383704734495,0.017437976367578902,NO
Elaeocarpus sylvestris,Elaeocarpaceae,T,E,S,Mengla_Bubeng,TRF,Chen Yajun,0.012163753116710842,0.010171826067098865,-0.10694641096564761,-0.04872116622731422,-0.02420647705683657,-0.039162851410401794,0.04245092875396106,NO
Drypetes hoaensis,Putranjivaceae,T,E,S,Mengla_Bubeng,TRF,Chen Yajun,0.012216253426997208,0.034829050016412635,-0.08475181039416262,-0.10663396618770689,-0.051871578284219594,-0.026633857847032753,0.05547748769378554,NO
Pterospermum menglunense,Malvaceae,T,D,S,Mengla_Bubeng,TRF,Chen Yajun,0.06393206519831535,0.00896122205257603,-0.17257302669738853,-0.0234707189878491,-0.03567082623326164,-0.055637986396101576,0.043956395614348616,NO
Ilex godajam,Aquifoliaceae,T,E,S,Mengla_Bubeng,TRF,Chen Yajun,0.018248562324650795,0.016435948544618162,-0.09587952806601147,-0.04909565842412108,-0.051686486178064955,-0.07660986381406884,0.05208058020644396,NO
Olea europaea,Oleaceae,T,E,S,Yuanjiang_Savanna,HDS,Chen Yajun,0.014694080962218975,0.03722313567055495,-0.058608907279752466,-0.08388863281611583,-0.11448657262235584,-0.035884092351709015,0.07052582126446293,NO
Callicarpa nudiflora,Lamiaceae,S,D,S,Yuanjiang_Savanna,HDS,Chen Yajun,0.015804036917467356,0.028223555789734005,-0.1482876909406748,-0.12543947738561972,-0.07587405320526458,-0.06181833576899434,0.06327160213107585,NO
Myriopteron extensum,Apocynaceae,L,D,S,Yuanjiang_Savanna,HDS,Chen Yajun,0.05275300020267194,0.08002824149022558,-0.08059838074228949,-0.11982909479694634,-0.08782954584528552,-0.08070713081099622,0.03213736439271407,NO
Dregea volubilis,Apocynaceae,L,D,S,Yuanjiang_Savanna,HDS,Chen Yajun,0.02063437863836688,0.04168271709569553,-0.04530867424322969,-0.07579203371754764,-0.06682197633846071,-0.061631130945485404,0.04822117750603744,NO
Bombax ceiba,Malvaceae,T,D,C,Yuanjiang_Savanna,HDS,Chen Yajun,0.02369745323287013,0.008899737729768141,-0.08481302730081719,-0.05564185094546534,-0.0817949111940575,-0.07087679821280775,0.0238407097370902,NO
Bauhinia calciphila,Leguminosae,L,E,S,Yuanjiang_Savanna,HDS,Chen Yajun,0.020787532601609315,0.0491234784880258,-0.10280507669275835,-0.17579988543372463,-0.052952654165584034,-0.0544347429006339,0.03833889289068636,NO
Cissus repanda,Vitaceae,L,D,S,Yuanjiang_Savanna,HDS,Chen Yajun,0.03200608630054057,0.044235303449334296,-0.08597529696521822,-0.1800866634815944,-0.03036106520309608,-0.040365740503530506,0.05962239555720829,NO
Argyreia osyrensis,Convolvulaceae,L,D,S,Yuanjiang_Savanna,HDS,Chen Yajun,0.020930103619166317,NA,-0.07624079792280102,NA,-0.02904408193612273,-0.048016597172515024,NA,NO
Bauhinia championii,Leguminosae,L,E,S,Yuanjiang_Savanna,HDS,Chen Yajun,0.02184829806293478,0.02172098777237701,-0.06984711117775576,-0.12351241968168133,-0.049265339936414146,-0.024472396507390307,0.07689355949972843,NO
Jasminum seguinii,Oleaceae,L,E,S,Yuanjiang_Savanna,HDS,Chen Yajun,0.012568500186331598,0.09255518808858641,-0.05930785665096811,-0.10945680708205877,-0.19742849569133897,-0.07590520821633884,0.039317966538911696,NO
Ficus racemosa,Moraceae,T,E,S,Yuanjiang_Savanna,HDS,Chen Yajun,0.05420060175113701,0.08175477677954256,-0.12184058414397284,-0.2297556526977043,-0.08269744943030835,-0.09216360416758446,0.10468225685479143,NO
Burretiodendron kydiifolium,Malvaceae,T,D,S,Yuanjiang_Savanna,HDS,Chen Yajun,0.029777994386428547,0.033671082587615704,-0.10114477808885898,-0.051348387687193506,-0.08355611740168079,-0.0672098356822422,0.0313568370245007,NO
Lannea coromandelica,Anacardiaceae,T,D,C,Yuanjiang_Savanna,HDS,Chen Yajun,0.015143293888166015,0.005541189260476915,-0.07066883703302569,-0.03779559895081423,-0.034814328939026265,-0.05039862818817827,0.03570884667086423,NO
Strophioblachia fimbricalyx,Euphorbiaceae,S,D,S,Yuanjiang_Savanna,HDS,Chen Yajun,0.02450048549734897,0.028103287688193902,-0.093024888060188,-0.14474385283112992,-0.0649950021885793,-0.043178914165398666,0.09081499601275712,NO
Tarenna depauperata,Rubiaceae,S,E,S,Yuanjiang_Savanna,HDS,Chen Yajun,0.020036643022019743,0.03853298338966481,-0.06691380137582387,-0.08753426762015783,-0.14203178461142682,-0.09003632912525726,0.030041565037330836,NO
Trigonostemon tuberculatus,Euphorbiaceae,S,E,S,Yuanjiang_Savanna,HDS,Chen Yajun,0.036142531739214105,0.010280997158253851,-0.04861223483575528,-0.0604143218240916,-0.06568115955870357,-0.046991182042379544,0.026620775024358143,NO
Campylotropis delavayi,Leguminosae,S,E,C,Yuanjiang_Savanna,HDS,Chen Yajun,0.018048260636951707,0.009865629930214732,-0.062399189928726825,-0.035023659491209495,-0.01963203279489814,-0.018649957235828477,0.03236501319957625,NO
Bauhinia brachycarpa,Leguminosae,S,D,S,Yuanjiang_Savanna,HDS,Chen Yajun,0.025431662552569585,0.03377226682992783,-0.1253073793967326,-0.11776206936914417,-0.07450486323341667,-0.07361115786953253,0.06667473005782651,NO
Terminalia franchetii,Combretaceae,T,D,S,Yuanjiang_Savanna,HDS,Chen Yajun,0.032084023414912045,0.019641326997465715,-0.10785054900909845,-0.07597043594064529,-0.033845376371658444,-0.048164768325172025,0.06899478389407324,NO
Woodfordia fruticosa,Lythraceae,S,D,S,Yuanjiang_Savanna,HDS,Chen Yajun,0.01966003183569316,0.012113018000115047,-0.02281817050511008,-0.05559516321187092,-0.05634524446027193,-0.08120683190525825,0.050252522836363084,NO
Polyalthia cerasoides,Annonaceae,T,E,S,Yuanjiang_Savanna,HDS,Chen Yajun,0.015895274283081635,0.025964851563534126,-0.0725497318723125,-0.07211763468375514,-0.06675525190377565,-0.041584119131440014,0.057589726411552175,NO
Diospyros yunnanensis,Ebenaceae,T,E,S,Yuanjiang_Savanna,HDS,Chen Yajun,0.026576542318496845,0.012881281043351862,-0.19696597465448318,-0.08634502728265109,-0.023464556736022782,-0.06818827849344467,0.08257954523093676,NO
Psidium guajava,Myrtaceae?,T,E,S,Yuanjiang_Savanna,HDS,Chen Yajun,0.01177184703621494,0.008059709523057986,-0.12590357848699546,-0.051056054309459566,-0.015365499998819308,-0.07514844481721142,0.023573561459084375,NO
Bridelia stipularis,Phyllanthaceae,L,D,S,Yuanjiang_Savanna,HDS,Chen Yajun,0.024232199137955747,0.011236980031975465,-0.10996769038606878,-0.09453991622346487,-0.044023673453655904,-0.04189349411084494,0.041299041682984046,NO
Maytenus hookeri,Celastraceae,S,E,S,Yuanjiang_Savanna,HDS,Chen Yajun,0.016832430029057675,0.011906356140891096,-0.059371286461554616,-0.041058572290264,-0.03818908651178215,-0.017543029406960516,0.0813782876837303,NO
Murraya exotica,Rutaceae,S,E,C,Yuanjiang_Savanna,HDS,Chen Yajun,0.02845751920737854,0.030976676451733527,-0.09802640049908554,-0.18480245046631633,-0.09650816080360317,-0.033664078383923345,0.09075093874743541,NO
Carissa spinarum,Apocynaceae,S,E,S,Yuanjiang_Savanna,HDS,Chen Yajun,0.05855850373213416,0.020510720129460633,-0.13637498515305543,-0.07524401581689835,-0.04353538453447662,-0.16074050658698832,0.08145095233720373,NO
Salix myrtillacea,Salicaceae?,S,E,S,Yuanjiang_Savanna,HDS,Chen Yajun,0.02579248528556216,0.008853756234844088,-0.07094131558210777,-0.027570323614878257,-0.023082489208916906,-0.025694857905089817,0.03968265764924254,NO
Trema angustifolia,Cannabaceae,T,D,S,Yuanjiang_Savanna,HDS,Chen Yajun,0.02934727925070368,0.024563953677415557,-0.07995318030765507,-0.05351018312669273,-0.07876003726985256,-0.04419006331548631,0.09799116558038232,NO
Falconeria insignis,Euphorbiaceae,T,D,S,Yuanjiang_Savanna,HDS,Chen Yajun,0.015873734161567895,0.03248248058398152,-0.07833114690111696,-0.040349721939983034,-0.05779766050707624,-0.048865163613456254,0.0579822076202498,NO
Melochia corchorifolia,Sterculiaceae,S,E,S,Yuanjiang_Savanna,HDS,Chen Yajun,0.031208575003128923,0.010261793393897333,-0.05501684947867499,-0.033861068433983496,-0.055106464704536694,-0.06015408034461093,0.018878817485366562,NO
Mangifera indica,Anacardiaceae,T,E,S,Yuanjiang_Savanna,HDS,Chen Yajun,0.034788621417056645,0.011929937483164949,-0.1317789883629552,-0.08698301736366,-0.04667306586847304,-0.030777832205615075,0.03473448677956797,NO
Haldina cordifolia,Rubiaceae,T,D,S,Yuanjiang_Savanna,HDS,Chen Yajun,0.030833912631495493,0.0159033357281049,-0.08594428639291227,-0.03306123197387907,-0.03338534989965836,-0.10359660315637059,0.02740778084315704,NO
Reinwardtia indica,Linaceae,S,E,C,Yuanjiang_Savanna,HDS,Chen Yajun,0.019670344866064688,0.036755724381488865,-0.049069307217765944,-0.07139393248974632,-0.07976301588446595,-0.08214313420965688,0.06489996798180891,NO
Abelia_serrata,Caprifoliaceae,Trees,D,NA,Yakushima,ST2,Onoda Yusuke,0.06288812051863227,0.054344284183077254,-0.21915753843764488,-0.07229308964789764,-0.10324923892972768,NA,0.40760162893177765,NO
Abies_firma,0,Trees,E,NA,Yakushima,ST2,Onoda Yusuke,NA,0.02028011512817112,NA,-0.09977026053441314,-0.2937849115655227,NA,-0.23061171450360082,NO
Acer_morifolium,Sapindaceae,Trees,D,NA,Yakushima,ST2,Onoda Yusuke,0.025450440374652845,0.045366572638134456,-0.15454093513731104,-0.26299436809984306,-0.03613778098317854,NA,0.04564769987417992,NO
Acer_rufinerve,Sapindaceae,Trees,D,NA,Yakushima,ST2,Onoda Yusuke,0.0444598910303664,0.08241843495723664,-0.2745590618785554,-0.21667616881047563,-0.39233043678131113,NA,0.08686079966942892,NO
Acer_sieboldianum,Sapindaceae,Trees,D,NA,Yakushima,ST2,Onoda Yusuke,0.04532580563453002,0.03275589871911942,-0.11714152836121472,-0.03624684412153301,-0.10211553149120758,NA,0.03941313606768399,NO
Actinidia_arguta,Actinidiaceae,Trees,D,NA,Yakushima,ST2,Onoda Yusuke,NA,NA,NA,NA,NA,NA,NA,NO
Actinidia_rufa,Actinidiaceae,Trees,D,NA,Yakushima,ST2,Onoda Yusuke,0.08864411513568145,0.112077900881406,-0.2566498178554788,-0.3361713186551054,-0.09211810616840356,NA,0.0714933353807578,NO
Actinodaphne_acuminata,Lauraceae,Trees,E,NA,Yakushima,ST2,Onoda Yusuke,0.001438899029530804,0.02323803740798365,-0.12589322350453117,-0.2122296386130242,-0.12374770388863686,NA,0.05149559635039327,NO
Actinodaphne_coreana,Lauraceae,Trees,E,NA,Yakushima,ST2,Onoda Yusuke,NA,NA,NA,NA,NA,NA,NA,NO
Adina_pilulifera,Rubiaceae,Trees,E,NA,Yakushima,ST2,Onoda Yusuke,0.012745585690786614,0.0069790254440560045,-0.03500774264779034,-0.02610110226802253,-0.03854394176740623,NA,0.17675472439708162,NO
Alnus_firma,Betulaceae,Trees,D,NA,Yakushima,ST2,Onoda Yusuke,0.015526106839864657,0.03481581389474723,-0.2338451714652536,-0.41002246750233245,-0.2188506050691965,NA,0.09970677240775423,NO
Alnus_sieboldiana,Betulaceae,Trees,D,NA,Yakushima,ST2,Onoda Yusuke,NA,NA,NA,NA,NA,NA,NA,NO
Ampelopsis_cantoniensis,Vitaceae,Trees,D,NA,Yakushima,ST2,Onoda Yusuke,0.05930740690181249,0.06412126923282127,-0.6647463610634126,-0.6614546413028631,-1.3295306262331148,NA,0.17436425596178345,NO
Ampelopsis_glandulosa_var_heterophylla,Vitaceae,Trees,D,NA,Yakushima,ST2,Onoda Yusuke,0.06127837979942098,0.08580514921737266,-0.21349496589626032,-0.30473706367090414,-0.037231071885553184,NA,0.1609145219035223,NO
Anodendron_affine,Apocynaceae,Trees,E,NA,Yakushima,ST2,Onoda Yusuke,0.03590175826510036,0.03080679729000991,-0.14891315151747928,-0.11912051496264388,-0.11824440376002895,NA,0.06959668205168625,NO
Aralia_elata,Araliaceae,Trees,D,NA,Yakushima,ST2,Onoda Yusuke,0.007101051295224612,0.053175188087143915,-0.09641156624791619,-0.2567238373124504,-0.0828537023868627,NA,0.05035836693452278,NO
Ardisia_crenata,Primulaceae,Trees,E,NA,Yakushima,ST2,Onoda Yusuke,0.061142785271981165,0.05163855310888055,-0.10254080661095812,-0.097878372246782,-0.08216715084136784,NA,0.13023041826997206,NO
Ardisia_pusilla,Primulaceae,Trees,E,NA,Yakushima,ST2,Onoda Yusuke,NA,0.01198554824764558,NA,-0.47546477583122526,-1.2878432290760569,NA,0.039510956694903066,NO
Ardisia_quinquegona,Primulaceae,Trees,E,NA,Yakushima,ST2,Onoda Yusuke,0.05301435719012417,0.04399272917931542,-0.022339598223197414,-0.06428256600836596,-0.15861692892722618,NA,0.029396906326038457,NO
Ardisia_sieboldii,Primulaceae,Trees,E,NA,Yakushima,ST2,Onoda Yusuke,0.04183954880346958,0.050463694761318637,-0.6361198307384707,-0.6901820638463504,-0.9150674378426996,NA,0.29027215300855547,NO
Aria_alnifolia,Rosaceae,Trees,D,NA,Yakushima,ST2,Onoda Yusuke,NA,NA,NA,NA,NA,NA,NA,NO
Aucuba_japonica_var_ovoidea,Garryaceae,Trees,E,NA,Yakushima,ST2,Onoda Yusuke,0.03883164688075854,0.03349590744089564,-0.0966316897915203,-0.10607630680953366,-0.06968399138381924,NA,0.045384133755322846,NO
Berchemia_racemosa_var_luxurians,Rhamnaceae,Trees,D,NA,Yakushima,ST2,Onoda Yusuke,NA,NA,NA,NA,NA,NA,NA,NO
Blastus_cochinchinensis,Melastomataceae,Trees,E,NA,Yakushima,ST2,Onoda Yusuke,0.029080931208219016,0.019693768108859595,-0.09115211835457321,-0.08302936096382284,-0.058195166110250086,NA,0.0417558880880953,NO
Bredia_hirsuta,Melastomataceae,Trees,E,NA,Yakushima,ST2,Onoda Yusuke,0.04870402523755508,0.06809855385971479,-0.07219332840534577,-0.050767087893775875,-0.0958645094327917,NA,0.10880693702119278,NO
Buddleja_curviflora,Scrophulariaceae,Trees,D,NA,Yakushima,ST2,Onoda Yusuke,0.021186477938802697,0.05063026277655618,-0.2402950362273184,-0.1608556072609574,-0.2728275280112128,NA,0.08828044020029967,NO
Buxus_microphylla_var_japonica,Buxaceae,Trees,E,NA,Yakushima,ST2,Onoda Yusuke,0.050807954620840555,0.04503458466558138,-0.04017834304086239,-0.03938679918490749,-0.27786423969668095,NA,0.4149285817960165,NO
Callicarpa_japonica_var_luxurians,Verbenaceae,Trees,D,NA,Yakushima,ST2,Onoda Yusuke,0.08528354269112912,0.06177236194621551,-0.18159762654897696,-0.1401644158516266,-0.06513208925903385,NA,0.14180589823294854,NO
Callicarpa_shikokiana,Verbenaceae,Trees,D,NA,Yakushima,ST2,Onoda Yusuke,0.017364781389889714,0.008793075026807113,-0.35897625211977585,-0.30118922542024607,-0.36124153651163715,NA,0.050854332130523865,NO
Camellia_japonica,Theaceae,Trees,E,NA,Yakushima,ST2,Onoda Yusuke,0.019684339082331567,0.021571886855848255,-0.03739058962423984,-0.08805387195808986,-0.09067861151174084,NA,0.026373301965319878,NO
Camellia_sasanqua,Theaceae,Trees,E,NA,Yakushima,ST2,Onoda Yusuke,0.06332684576944635,0.07169000011581063,-0.12303249589641639,-0.13599542498034017,-0.23339991252875034,NA,0.16173526486517872,NO
Carpinus_laxiflora,Betulaceae,Trees,D,NA,Yakushima,ST2,Onoda Yusuke,1.4242217225746533e-4,0.008304510625626736,-0.11633626666069324,-0.20594390954349923,-0.10213177502352497,NA,0.05258410568654942,NO
Castanopsis_sieboldii,Fagaceae,Trees,E,NA,Yakushima,ST2,Onoda Yusuke,0.017882922378487088,0.008316854278333698,-0.12246427722232305,-0.08820090335247183,-0.09033501057256803,NA,0.09508400277637702,NO
Celastrus_punctatus,Celastraceae,Trees,E,NA,Yakushima,ST2,Onoda Yusuke,NA,NA,NA,NA,NA,NA,NA,NO
Chamaecyparis_obtusa,Cupressaceae,Trees,E,NA,Yakushima,ST2,Onoda Yusuke,NA,0.023552928821550665,NA,-0.0498581915356846,15.105451366497068,NA,0.5089929482605627,NO
Cinnamomum_camphora,Lauraceae,Trees,E,NA,Yakushima,ST2,Onoda Yusuke,0.0342004696470479,0.029510996171686763,-0.10962649254058114,-0.08462596708654968,-0.047589804433722696,NA,0.049054820896768374,NO
Cinnamomum_daphnoides,Lauraceae,Trees,E,NA,Yakushima,ST2,Onoda Yusuke,0.013621934565587105,0.012242033176153968,-0.048434697106548526,-0.026290982259326277,-0.07788951210841416,NA,0.3086626046981312,NO
Cinnamomum_tenuifolium,Lauraceae,Trees,E,NA,Yakushima,ST2,Onoda Yusuke,0.036125965093027734,0.022452646657976173,-0.11637058916745005,-0.08303234800807424,-0.08076202087582267,NA,0.14983982736585774,NO
Clerodendrum_trichotomum,Verbenaceae,Trees,D,NA,Yakushima,ST2,Onoda Yusuke,0.07337825878700595,0.07041731253908996,-0.19252310570006245,-0.21885828328372806,-0.002043722199234422,NA,0.022840317422693244,NO
Clerodendrum_trichotomum_var_fargesii,Verbenaceae,Trees,D,NA,Yakushima,ST2,Onoda Yusuke,NA,NA,NA,NA,NA,NA,NA,NO
Clethra_barbinervis,Clethraceae,Trees,D,NA,Yakushima,ST2,Onoda Yusuke,0.04196390431527098,0.035116283611555305,-0.025097537259278352,-0.1352619536447353,-0.1223560788929668,NA,0.17121959765618164,NO
Cleyera_japonica,Theaceae,Trees,E,NA,Yakushima,ST2,Onoda Yusuke,0.05529239347498215,0.038984568881865994,-0.15635943829311746,-0.09565930071930794,-0.22351222847747312,NA,0.24664643594722455,NO
Cocculus_orbiculatus,Menispermaceae,Trees,D,NA,Yakushima,ST2,Onoda Yusuke,NA,NA,NA,NA,NA,NA,NA,NO
Cornus_kousa,Cornaceae,Trees,D,NA,Yakushima,ST2,Onoda Yusuke,0.05659382334972087,0.04049779379469171,-0.26719299255853207,-0.2633368780165812,-0.1852170914883883,NA,0.08157129412444164,NO
Cornus_macrophylla,Cornaceae,Trees,D,NA,Yakushima,ST2,Onoda Yusuke,0.02913155956852953,0.017380374361365948,-0.17681578520576474,-0.17609193209518545,-0.05652816805788029,NA,0.0970477611722939,NO
Crateva_formosensis,Brassicaceae,Trees,D,NA,Yakushima,ST2,Onoda Yusuke,0.01438785979719405,0.004728030152947666,-0.5179922501029898,-0.5787775345961403,-4.4800775971239295,NA,0.10029936387104042,NO
Cryptomeria_japonica,Cupressaceae,Trees,E,NA,Yakushima,ST2,Onoda Yusuke,NA,0.06705027898947247,NA,-0.14668430101852128,-5.157352488723706,NA,-0.2547726021554718,NO
Cyathea_spinulosa,Cyatheaceae,Trees,E,NA,Yakushima,ST2,Onoda Yusuke,NA,0.08052592573967256,NA,-0.2754863339950474,-0.22217327532860393,NA,0.6188293631889723,NO
Damnacanthus_indicus,Rubiaceae,Trees,E,NA,Yakushima,ST2,Onoda Yusuke,NA,0.052409600822775175,NA,-0.3523204340810209,-0.35080149824870005,NA,1.1935835384561806,NO
Daphne_kiusiana,Thymelaeaceae,Trees,E,NA,Yakushima,ST2,Onoda Yusuke,0.08369532241760604,0.03922023275238674,-0.042629251365947946,-0.16598980315480988,-0.3180827015599018,NA,0.13994654305061463,NO
Daphnimorpha_kudoi,Thymelaeaceae,Trees,E,NA,Yakushima,ST2,Onoda Yusuke,NA,NA,NA,NA,NA,NA,NA,NO
Daphniphyllum_macropodum,Daphniphyllaceae,Trees,E,NA,Yakushima,ST2,Onoda Yusuke,0.017069144807952595,0.0208227152863632,-0.07018865650760553,-0.07311061325904425,-0.1320352876958383,NA,0.09661010229030417,NO
Daphniphyllum_teijsmannii,Daphniphyllaceae,Trees,E,NA,Yakushima,ST2,Onoda Yusuke,0.00873155847957795,0.006665783795316782,-0.1321442815371347,-0.1369369351370147,-0.1759940808023418,NA,0.13330271820610204,NO
Debregeasia_orientalis,Urticaceae,Trees,D,NA,Yakushima,ST2,Onoda Yusuke,0.014924436755382022,0.005694626325811589,-0.003615637608741602,-0.03737825831124507,-0.03597014538201331,NA,0.02509362596232462,NO
Dendropanax_trifidus,Araliaceae,Trees,E,NA,Yakushima,ST2,Onoda Yusuke,0.09140381316662903,0.05542875715101793,-0.21615039188262075,-0.18433299122845304,-0.07463336214611652,NA,0.19801333918677283,NO
Diospyros_japonica,Ebenaceae,Trees,D,NA,Yakushima,ST2,Onoda Yusuke,0.03858181923483623,0.0234775443728507,-0.1789113573945016,-0.11983252691963381,-0.047552019180399106,NA,0.0329757815824622,NO
Diospyros_kaki,Ebenaceae,Trees,D,NA,Yakushima,ST2,Onoda Yusuke,0.04670131567411472,0.01864602730093259,-0.3029003128340598,-0.19834279358039072,-0.09813171889170148,NA,0.17202210788239802,NO
Diospyros_morrisiana,Ebenaceae,Trees,E,NA,Yakushima,ST2,Onoda Yusuke,0.055032985259516144,0.06642321121759634,-0.02199583680864573,-0.07417431287579575,-0.17437670473696645,NA,0.0947774154503513,NO
Diplomorpha_pauciflora_var_yakusimensis,Euphorbiaceae,Trees,D,NA,Yakushima,ST2,Onoda Yusuke,0.03467670992739874,0.028681551761055253,-0.23532668206630208,-0.14313247481890548,-0.09764902655293396,NA,0.02090226092438031,NO
Distylium_racemosum,Hamamelidaceae,Trees,E,NA,Yakushima,ST2,Onoda Yusuke,0.03770345707370406,0.028155048170053952,-0.15130751007309798,-0.07281729833936852,-0.14208643875419305,NA,0.245496277604302,NO
Elaeagnus_glabra,Elaeagnaceae,Trees,E,NA,Yakushima,ST2,Onoda Yusuke,0.06385759409512766,0.05579250636639938,-0.11662141683378857,-0.10831206990344511,-0.3198695828202286,NA,0.06050997594596293,NO
Elaeagnus_macrophylla,Elaeagnaceae,Trees,E,NA,Yakushima,ST2,Onoda Yusuke,NA,NA,NA,NA,NA,NA,NA,NO
Elaeagnus_pungens,Elaeagnaceae,Trees,E,NA,Yakushima,ST2,Onoda Yusuke,0.042786950779783436,0.010446205761056971,-0.11870622027694953,-0.07213294087472982,-0.14230887105243778,NA,0.22522031776583507,NO
Elaeagnus_umbellata,Elaeagnaceae,Trees,D,NA,Yakushima,ST2,Onoda Yusuke,0.012955352186227547,0.01418470207200114,-0.10095576123569719,-0.08639950485403475,-0.04556787184607531,NA,0.04443772571279263,NO
Elaeagnus_yakusimensis,Elaeagnaceae,Trees,D,NA,Yakushima,ST2,Onoda Yusuke,0.052557371787110084,0.04046181300298822,-0.09782314551889548,-0.0808327185388694,-0.07395228285124406,NA,0.1285636363698271,NO
Elaeocarpus_japonicus,Elaeocarpaceae,Trees,E,NA,Yakushima,ST2,Onoda Yusuke,0.03600898187625659,0.025667086360137394,-0.1344287615443996,-0.1366104946840974,-0.0689878892212222,NA,0.08500403042186341,NO
Elaeocarpus_sylvestris_var_ellipticus,Elaeocarpaceae,Trees,E,NA,Yakushima,ST2,Onoda Yusuke,0.07833791082658693,0.05570981609981645,-0.3173266821182583,-0.23328138035368942,-0.0519970242148022,NA,0.14035652277782298,NO
Erycibe_henryi,Convolvulaceae,Trees,E,NA,Yakushima,ST2,Onoda Yusuke,0.04069556277761355,0.11695210098829456,-0.02298733091981535,-0.22569557966063858,-0.16865520085007002,NA,0.042919275585455365,NO
Euonymus_japonicus,Celastraceae,Trees,E,NA,Yakushima,ST2,Onoda Yusuke,0.013738721609121925,0.009565136680319315,-0.22959408191367173,-0.1437000716086543,-0.19275423317438733,NA,0.20147361589778615,NO
Euonymus_yakushimensis,Celastraceae,Trees,D,NA,Yakushima,ST2,Onoda Yusuke,0.024299081177300213,0.02387806520716082,-0.04308983542843968,-0.009090939529257326,-0.03544663549111816,NA,0.0670721940582465,NO
Eurya_emarginata,Theaceae,Trees,E,NA,Yakushima,ST2,Onoda Yusuke,0.011622379723504073,0.024879723027381645,-0.01556182352577746,-0.07852760096113749,-0.08788260630224312,NA,0.06385316179703761,NO
Eurya_japonica,Theaceae,Trees,E,NA,Yakushima,ST2,Onoda Yusuke,0.08406619931759687,0.06407507336104658,-0.15929791474572114,-0.0731558426596887,-0.20604434643188616,NA,0.15975856519661127,NO
Eurya_yakushimensis,Theaceae,Trees,E,NA,Yakushima,ST2,Onoda Yusuke,NA,0.2918460080303708,NA,-0.5544418960119224,-0.1901004598509979,NA,1.8427139078836623,NO
Euscaphis_japonica,Staphyleaceae,Trees,D,NA,Yakushima,ST2,Onoda Yusuke,0.03349949468329683,0.025985110416382847,-0.07954044874662018,-0.03968340192333888,-0.06358279909775559,NA,0.08655849983736441,NO
Fatsia_japonica,Araliaceae,Trees,E,NA,Yakushima,ST2,Onoda Yusuke,NA,NA,NA,NA,NA,NA,NA,NO
Ficus_erecta,Moraceae,Trees,D,NA,Yakushima,ST2,Onoda Yusuke,0.014171180346705711,0.007234507063136447,-0.09779381940383881,-0.11870892542073094,-0.1397465459760474,NA,0.09865219722080562,NO
Ficus_microcarpa,Moraceae,Trees,E,NA,Yakushima,ST2,Onoda Yusuke,0.018029342847901673,0.002664396311937082,-0.17830683096313435,-0.14422439403038828,-0.15003213290579692,NA,0.011713837768802068,NO
Ficus_nipponica,Moraceae,Trees,E,NA,Yakushima,ST2,Onoda Yusuke,0.05147423917703365,0.037046432361167635,-0.2592934105503456,-0.19513157414991944,-0.15257099590053344,NA,0.21161930847701,NO
Ficus_pumila,Moraceae,Trees,E,NA,Yakushima,ST2,Onoda Yusuke,0.05090806535265151,0.06667144363834991,-0.07801559408892007,-0.18889556253402032,-0.14827843008293545,NA,0.006050212996764791,NO
Ficus_superba_var_japonica,Moraceae,Trees,E,NA,Yakushima,ST2,Onoda Yusuke,0.020978296116023518,0.024047426787844373,-0.06603287293657202,-0.1388772854251742,-0.09795582426343825,NA,0.042895364830307606,NO
Ficus_thunbergii,Moraceae,Trees,E,NA,Yakushima,ST2,Onoda Yusuke,2.6695031456103435e-4,0.01349848775089789,-0.016764748442970018,-0.06820591875966081,-0.033918334957863734,NA,0.08460134026582442,NO
Firmiana_simplex,Malvaceae,Trees,D,NA,Yakushima,ST2,Onoda Yusuke,0.04331836311115755,0.01751664387155699,-0.14874330640680353,-0.09488430687718899,-0.049492862235098876,NA,0.02535914447283091,NO
Frangula_crenata,Rhamnaceae,Trees,D,NA,Yakushima,ST2,Onoda Yusuke,0.0712264227012972,0.06693646809659619,-0.20816194195879897,-0.2066484401400137,-0.22143600258725765,NA,0.17316450202601735,NO
Fraxinus_sieboldiana,Oleaceae,Trees,D,NA,Yakushima,ST2,Onoda Yusuke,0.10621616664835676,0.08204485922309211,-0.2083666334614215,-0.12419751180219471,-0.14923180295545155,NA,0.10613655424705931,NO
Gardenia_jasminoides,Rubiaceae,Trees,E,NA,Yakushima,ST2,Onoda Yusuke,0.029886383377810168,0.03897876237910496,-0.028208081658629702,-0.08828498670539807,-0.05470632139675903,NA,0.0739351177665181,NO
Glochidion_obovatum,Euphorbiaceae,Trees,D,NA,Yakushima,ST2,Onoda Yusuke,0.019259364205779735,0.01745204905583302,-0.05566485115613315,-0.10563326680460652,-0.10793946790012536,NA,0.037967282059180776,NO
Glochidion_zeylanicum,Euphorbiaceae,Trees,E,NA,Yakushima,ST2,Onoda Yusuke,NA,NA,NA,NA,NA,NA,NA,NO
Helicia_cochinchinensis,Proteaceae,Trees,E,NA,Yakushima,ST2,Onoda Yusuke,0.014513647991560137,0.033568900668878604,-0.08590422793593887,-0.19845464772901333,-0.0725158168599245,NA,0.03808299611210295,NO
Hoya_carnosa,Apocynaceae,Trees,E,NA,Yakushima,ST2,Onoda Yusuke,0.10049976341912047,0.051733722728709276,-0.1727430102717986,-0.10549132149629618,0.706186873300337,NA,0.04761910536471362,NO
Hydrangea_grosseserrata,Hydrangeaceae,Trees,D,NA,Yakushima,ST2,Onoda Yusuke,0.13456887651198865,0.11495952298762505,-0.19730227229095193,-0.17215311963154,-0.028133981198075773,NA,0.17660316282503163,NO
Hydrangea_luteovenosa_var_yakusimensis,Hydrangeaceae,Trees,D,NA,Yakushima,ST2,Onoda Yusuke,NA,0.11705284256918955,NA,-0.11667719579866039,-0.16740716983854415,NA,0.148464654490272,NO
Hydrangea_paniculata,Hydrangeaceae,Trees,D,NA,Yakushima,ST2,Onoda Yusuke,0.01799459666147107,0.011931967031658742,-0.1352152837042543,-0.110364081650142,-0.18682696379528316,NA,0.08388209071773232,NO
Hydrangea_petiolaris,Hydrangeaceae,Trees,D,NA,Yakushima,ST2,Onoda Yusuke,0.0484812346028589,0.04987945409329235,-0.15116984861994728,-0.20586799968446812,-0.3164222369866182,NA,0.1580163883727869,NO
Idesia_polycarpa,Salicaceae,Trees,D,NA,Yakushima,ST2,Onoda Yusuke,0.020828033434318886,0.014793195201083366,-0.10043871748598958,-0.1943833443807531,-0.1209602999635197,NA,0.08528616441692326,NO
Ilex_crenata_var_fukasawana,Aquifoliaceae,Trees,E,NA,Yakushima,ST2,Onoda Yusuke,NA,0.039247202824838616,NA,-0.15120880412757248,-0.14280853005066832,NA,0.3497061299896615,NO
Ilex_goshiensis,Aquifoliaceae,Trees,E,NA,Yakushima,ST2,Onoda Yusuke,0.027670484095562328,0.031780209463817564,-0.2424670415257156,-0.24698324974690347,-0.08823826571787059,NA,0.11454660622330361,NO
Ilex_integra,Aquifoliaceae,Trees,E,NA,Yakushima,ST2,Onoda Yusuke,0.0291478603808786,0.02430160740445208,-0.06481935265044306,-0.020315379092558396,-0.2069452075161685,NA,0.11752485567885283,NO
Ilex_pedunculosa,Aquifoliaceae,Trees,E,NA,Yakushima,ST2,Onoda Yusuke,0.015513705357905038,0.0315959640883958,-0.04883784637254446,-0.16529032422132997,-0.02513327394773329,NA,0.07400401060079849,NO
Ilex_rotunda,Aquifoliaceae,Trees,E,NA,Yakushima,ST2,Onoda Yusuke,0.001119367745718515,0.025733947522373207,-0.052257685767920024,-0.1391759869608168,-0.06426343548780787,NA,0.04609310561859306,NO
Illicium_anisatum,Schisandraceae,Trees,E,NA,Yakushima,ST2,Onoda Yusuke,0.09266415362344137,0.052021642617398535,-0.2192929455693872,-0.07569756905378185,-0.1508187101650686,NA,0.30807279598520626,NO
Juniperus_chinensis_var_sargentii,Cupressaceae,Trees,E,NA,Yakushima,ST2,Onoda Yusuke,NA,0.004090310895384507,NA,-0.041934114030263696,0.34943046336524436,NA,-0.040826974213784825,NO
Juniperus_chinensis_var_sargentii,0,Trees,E,NA,Yakushima,ST2,Onoda Yusuke,NA,0.004090310895384507,NA,-0.041934114030263696,0.34943046336524436,NA,-0.040826974213784825,NO
Kadsura_japonica,Schisandraceae,Trees,E,NA,Yakushima,ST2,Onoda Yusuke,0.06164711043320539,0.04138512701154972,-0.2309750959098589,-0.20120125353285676,-0.11601936186166695,NA,0.05812516287757409,NO
Kalopanax_septemlobus,Araliaceae,Trees,D,NA,Yakushima,ST2,Onoda Yusuke,0.05305638797551332,0.009370213331315805,-0.10493746370895594,-0.0972147278850684,-0.08378628259917854,NA,0.11304029534698479,NO
Lagerstroemia_subcostata,Lythraceae,Trees,D,NA,Yakushima,ST2,Onoda Yusuke,NA,NA,NA,NA,NA,NA,NA,NO
Lagerstroemia_subcostata_var_fauriei,Lythraceae,Trees,D,NA,Yakushima,ST2,Onoda Yusuke,0.054967323677849914,0.0704282813019145,-0.402430857859929,-0.5269475739667754,-0.08274804149585128,NA,0.03375484593054981,NO
Lasianthus_fordii,Rubiaceae,Trees,E,NA,Yakushima,ST2,Onoda Yusuke,0.02252976245057415,0.03158878539334166,-0.10272112743768579,-0.12123010953976471,-0.09737541679153862,NA,0.05696402003005093,NO
Lasianthus_fordii_f_pubescens,Rubiaceae,Trees,E,NA,Yakushima,ST2,Onoda Yusuke,0.03336735951538351,0.011846255815413197,-0.0673412228375098,-0.12897997552737037,-0.19389636500737117,NA,0.0666934114730993,NO
Lasianthus_japonicus,Rubiaceae,Trees,E,NA,Yakushima,ST2,Onoda Yusuke,0.022891733465483427,0.03455459079243755,-0.09426508013957724,-0.1308454804899839,-0.06390468406587071,NA,0.06650252035244375,NO
Ligustrum_japonicum,Oleaceae,Trees,E,NA,Yakushima,ST2,Onoda Yusuke,0.024673300362783555,0.028238562458644288,-0.2734009932774053,-0.2728950342254022,-0.1764011774778192,NA,0.09748239128186953,NO
Lindera_erythrocarpa,Lauraceae,Trees,D,NA,Yakushima,ST2,Onoda Yusuke,NA,0.010926010283714115,NA,-0.026809567394306868,-0.0494223649687467,NA,0.19719603131376998,NO
Lithocarpus_edulis,Fagaceae,Trees,E,NA,Yakushima,ST2,Onoda Yusuke,0.004983215495393148,0.01027156900969019,-0.04234718817430194,-0.0187252770564792,-0.047761273678474256,NA,0.11613431647389479,NO
Litsea_cubeba,Lauraceae,Trees,D,NA,Yakushima,ST2,Onoda Yusuke,0.107210984111847,0.07252000833683743,-0.3575623899057665,-0.2395624257432615,-0.07867634293053623,NA,0.22809885110441866,NO
Litsea_japonica,Lauraceae,Trees,E,NA,Yakushima,ST2,Onoda Yusuke,0.010928942418039106,0.019011757155040783,-0.11862569968023608,-0.1964734650425772,-0.059352016287640974,NA,0.19506084806186264,NO
Lonicera_affinis,Caprifoliaceae,Trees,ED,NA,Yakushima,ST2,Onoda Yusuke,0.07201938083866585,0.06773381425750105,-0.12005202272824718,-0.12623964002772253,-0.13099729627510256,NA,0.07305215350742661,NO
Lonicera_hypoglauca,Caprifoliaceae,Trees,ED,NA,Yakushima,ST2,Onoda Yusuke,NA,NA,NA,NA,NA,NA,NA,NO
Machilus_japonica,Lauraceae,Trees,E,NA,Yakushima,ST2,Onoda Yusuke,0.012551762599516821,0.031388311215794704,-0.14558471594436806,-0.15952410190525668,-0.127983613987404,NA,0.031117880134821828,NO
Machilus_thunbergii,Lauraceae,Trees,E,NA,Yakushima,ST2,Onoda Yusuke,0.033294338788602176,0.03079984776263929,-0.14898416141056367,-0.1570644843830302,-0.04590925284871685,NA,0.07002140755223221,NO
Maesa_japonica,Primulaceae,Trees,E,NA,Yakushima,ST2,Onoda Yusuke,NA,3.242749908850971e-5,NA,-0.016444207555529923,-0.019582149725550856,NA,0.07334326466278843,NO
Maesa_tenera,Primulaceae,Trees,E,NA,Yakushima,ST2,Onoda Yusuke,0.11757281860809107,0.08536377828893177,-0.15098113558082749,-0.052721556332624875,-0.2015699785908844,NA,0.08268861301814674,NO
Mallotus_japonicus,Euphorbiaceae,Trees,D,NA,Yakushima,ST2,Onoda Yusuke,0.03761591481753908,0.021500474482130476,-0.07785632708055723,-0.05135269334704567,-0.05046459036510352,NA,0.03126839585791873,NO
Melia_azedarach,Meliaceae,Trees,D,NA,Yakushima,ST2,Onoda Yusuke,0.033055730052025084,0.03958756065171814,-0.27325479530332336,-0.07611460498476298,-0.09746979183901001,NA,0.1395630290521056,NO
Meliosma_rigida,Sabiaceae,Trees,E,NA,Yakushima,ST2,Onoda Yusuke,0.03833934574386048,0.03347157320986828,-0.11905784733375388,-0.13216142549505602,-0.05566477781818626,NA,0.09901457949721379,NO
Michelia_compressa,Magnoliaceae,Trees,E,NA,Yakushima,ST2,Onoda Yusuke,0.040812653734597124,0.03263238864613774,-0.1111044256602918,-0.12102594573833486,-9.622458286667193e-4,NA,0.0966941686087481,NO
Microtropis_japonica,Celastraceae,Trees,E,NA,Yakushima,ST2,Onoda Yusuke,0.0468490531572977,0.061457637721321186,-0.7549351061435149,-0.789014942308028,17.119533898642477,NA,0.20019274848166108,NO
Morinda_umbellata,Rubiaceae,Trees,D,NA,Yakushima,ST2,Onoda Yusuke,0.04271308677359507,0.04722601325192305,-0.08561206396155455,-0.08609155520482693,-0.10065413343510345,NA,0.11002870452145053,NO
Morus_australis,Moraceae,Trees,D,NA,Yakushima,ST2,Onoda Yusuke,0.07579158949610172,0.034223765650895244,-0.27664402055873794,-0.09987509266002653,-0.04037625407693729,NA,0.17605848978166533,NO
Mussaenda_parviflora,Rubiaceae,Trees,E,NA,Yakushima,ST2,Onoda Yusuke,NA,NA,NA,NA,NA,NA,NA,NO
Myrica_rubra,Primulaceae,Trees,E,NA,Yakushima,ST2,Onoda Yusuke,0.04518447633877466,0.023557956486779087,-0.10131693008992806,-0.32897802192793363,-0.15713678029824243,NA,0.154118874735168,NO
Myrsine_seguinii,Primulaceae,Trees,E,NA,Yakushima,ST2,Onoda Yusuke,0.026353968852119807,0.02577527349791046,-0.13223887333912032,-0.14994539082994288,-0.05692823660061606,NA,0.1529400814218512,NO
Nageia_nagi,Podocarpaceae,Trees,E,NA,Yakushima,ST2,Onoda Yusuke,0.05464317939010639,0.04236323735536243,-0.11549301055947324,-0.15013964545595315,-0.16595924937887863,NA,0.13603898225801025,NO
Neolitsea_aciculata,Lauraceae,Trees,E,NA,Yakushima,ST2,Onoda Yusuke,0.03484819414188312,0.03787174355055892,-0.06047491839128448,-0.057636088947656865,-0.1726942339621768,NA,0.19591590138712361,NO
Neolitsea_sericea,Lauraceae,Trees,E,NA,Yakushima,ST2,Onoda Yusuke,0.05269811623052267,0.04403207923694801,-0.24575302428241688,-0.25677290387338314,-0.08628150314426676,NA,0.05463918588564469,NO
Oreocnide_pedunculata,Urticaceae,Trees,E,NA,Yakushima,ST2,Onoda Yusuke,0.031826883584509774,0.0376585496927886,-0.09406427914404497,-0.15922336519050131,-0.1602679300298767,NA,0.11165756469580525,NO
Osmanthus_heterophyllus,Oleaceae,Trees,E,NA,Yakushima,ST2,Onoda Yusuke,NA,NA,NA,NA,NA,NA,NA,NO
Osmanthus_rigidus,Oleaceae,Trees,E,NA,Yakushima,ST2,Onoda Yusuke,0.01253450565982571,0.018963053855631594,-0.19121536237483472,-0.33283694801630576,-0.27035054299413025,NA,0.06294201289335408,NO
Parthenocissus_tricuspidata,Vitaceae,Trees,D,NA,Yakushima,ST2,Onoda Yusuke,0.05997785602619549,0.12431376210597218,-0.09562097339291352,-0.28588491915385644,-0.08260792427443173,NA,0.08960981809423009,NO
Pieris_japonica,Ericaceae,Trees,E,NA,Yakushima,ST2,Onoda Yusuke,0.009940348666953223,0.01855934861481082,-0.07895364892405453,-0.07566123489062969,-0.06526471151224815,NA,0.2775239476461823,NO
Pinus_amamiana,Pinaceae,Trees,E,NA,Yakushima,ST2,Onoda Yusuke,NA,0.11086264694979678,NA,-0.21762072277723532,-0.5940507378659021,NA,-2.651978888560933,NO
Pinus_densiflora,Pinaceae,Trees,E,NA,Yakushima,ST2,Onoda Yusuke,NA,0.04082435743820455,NA,-0.006652545171487878,1.3131537496734382,NA,-2.584990584045792,NO
Pinus_thunbergii,Pinaceae,Trees,E,NA,Yakushima,ST2,Onoda Yusuke,NA,0.09307707426674716,NA,-0.5841059067060065,2.9933633118648633,NA,0.3212461568601197,NO
Piper_kadzura,Piperaceae,Trees,E,NA,Yakushima,ST2,Onoda Yusuke,0.07170128581119123,0.024346383121130844,-0.2038208923881581,-0.08663393612173485,-0.13689848776815428,NA,0.04760937242914133,NO
Pittosporum_tobira,Pittosporaceae,Trees,E,NA,Yakushima,ST2,Onoda Yusuke,0.03373204596041225,0.023358008834473254,-0.11151410836397173,-0.08597158194138015,-0.048216726397694656,NA,0.1476317553584133,NO
Podocarpus_macrophyllus,Podocarpaceae,Trees,E,NA,Yakushima,ST2,Onoda Yusuke,NA,0.02669190361970081,NA,-0.03529887232432079,-0.3587723067222938,NA,0.39073162990662297,NO
Premna_microphylla,Verbenaceae,Trees,D,NA,Yakushima,ST2,Onoda Yusuke,0.035845061879425294,0.031441706746328034,-0.048976082313579666,-0.06751366087304382,-0.11138864808218091,NA,0.302153416537204,NO
Prunus_jamasakura,Rosaceae,Trees,D,NA,Yakushima,ST2,Onoda Yusuke,0.00522605223610326,0.07061866351109881,-0.4173169223156817,-0.6252959246008161,-0.1677432072462398,NA,0.057018219156577274,NO
Prunus_zippeliana,Rosaceae,Trees,E,NA,Yakushima,ST2,Onoda Yusuke,0.03922724587905187,0.04592341567621583,-0.12309387336062932,-0.07527835702026936,-0.17058707333784645,NA,0.11329642575317853,NO
Psychotria_rubra,Rubiaceae,Trees,E,NA,Yakushima,ST2,Onoda Yusuke,0.04207264762239507,0.041389923656830814,-0.1742707916604607,-0.17173029096239129,-0.1121749285974633,NA,0.06863855035549847,NO
Psychotria_serpens,Rubiaceae,Trees,E,NA,Yakushima,ST2,Onoda Yusuke,0.027499071897789724,0.019339838933573827,-0.15726753258452633,-0.12747091726942064,-0.3446247543074001,NA,0.1774193446372078,NO
Quercus_acuta,Fagaceae,Trees,E,NA,Yakushima,ST2,Onoda Yusuke,0.01913014398938529,0.025670837800837412,-0.02108013134255565,-0.07014830821487482,-0.07998126671873797,NA,0.09896370681946022,NO
Quercus_phillyraeoides,Fagaceae,Trees,E,NA,Yakushima,ST2,Onoda Yusuke,0.003447492587064065,0.008288714394208231,-0.057588909538009665,-0.09609630294702193,-0.027389033099009644,NA,0.13979502897000481,NO
Quercus_salicina,Fagaceae,Trees,E,NA,Yakushima,ST2,Onoda Yusuke,0.03501399668633688,0.02272739885344856,-0.1576990169525275,-0.18995603127287242,-0.23016544879970466,NA,0.11697394330851935,NO
Randia_cochinchinensis,Rubiaceae,Trees,E,NA,Yakushima,ST2,Onoda Yusuke,NA,0.010154434135538641,NA,-0.2607677672459566,-0.10111861011535514,NA,0.009523366790285148,NO
Rhaphiolepis_indica_var_umbellata,Rosaceae,Trees,E,NA,Yakushima,ST2,Onoda Yusuke,0.019830542611331065,0.013657343397830231,-0.13877870500903441,-0.14797395672376745,-0.10478486541427692,NA,0.16291018355912984,NO
Rhododendron_indicum,Ericaceae,Trees,E,NA,Yakushima,ST2,Onoda Yusuke,NA,0.051691493019136295,NA,-0.33797227653570977,-0.15306355171758337,NA,-1.2185288307677358,NO
Rhododendron_keiskei,Ericaceae,Trees,E,NA,Yakushima,ST2,Onoda Yusuke,0.02560701460906186,0.023053436880645938,-0.025041261995162396,-0.5737364950761255,-1.8826766615740373,NA,0.13944248363993525,NO
Rhododendron_tashiroi,Ericaceae,Trees,E,NA,Yakushima,ST2,Onoda Yusuke,0.05372910761175179,0.046442225298600454,-0.18305604809059628,-0.09010022779094244,-0.2021421526977731,NA,0.21967021385623522,NO
Rhododendron_yakumontanum,Ericaceae,Trees,D,NA,Yakushima,ST2,Onoda Yusuke,0.016611106842924703,0.03206489257615236,-0.25996780041103157,-0.3062112105747875,-0.24542554664715516,NA,0.006916083807406888,NO
Rhododendron_yakusimanum,Ericaceae,Trees,E,NA,Yakushima,ST2,Onoda Yusuke,0.006282993908688501,0.037282267865973356,-0.03454209205692295,-0.19940859525425766,-0.11073232731750361,NA,0.1087730154746749,NO
Rhus_succedanea,Anacardiaceae,Trees,D,NA,Yakushima,ST2,Onoda Yusuke,0.03204535142708446,0.04215238638309574,-0.18413624647366408,-0.224965457503919,-0.04440634089134226,NA,0.0891202212894568,NO
Rosa_luciae,Rosaceae,Trees,D,NA,Yakushima,ST2,Onoda Yusuke,NA,0.04691181031236194,NA,-0.09664891321892133,-0.18568144831798555,NA,0.7390520202775098,NO
Rosa_onoei,Rosaceae,Trees,D,NA,Yakushima,ST2,Onoda Yusuke,NA,0.10241346370849966,NA,-0.12553210281256252,-0.19605017174727937,NA,-0.4728247654294861,NO
Rubus_buergeri,Rosaceae,Trees,E,NA,Yakushima,ST2,Onoda Yusuke,NA,0.04724986123135678,NA,-0.09110962819732972,-0.028792579581615966,NA,0.05351839048562585,NO
Rubus_croceacanthus,Rosaceae,Trees,D,NA,Yakushima,ST2,Onoda Yusuke,NA,0.007269074031672206,NA,-0.08682517354235944,-0.10163804565770435,NA,0.023730852833114702,NO
Rubus_grayanus,Rosaceae,Trees,D,NA,Yakushima,ST2,Onoda Yusuke,0.10244197212027695,0.11246760966108346,-0.3744846480532027,-0.43726096964541805,-0.14898636812052382,NA,0.00793925008497332,NO
Rubus_illecebrosus_var_yakushimensis,Rosaceae,Trees,NA,NA,Yakushima,ST2,Onoda Yusuke,NA,0.11556437173516348,NA,-0.11559736225406461,-0.14247192721753335,NA,-8.41995491348358,NO
Rubus_minusculus,Rosaceae,Trees,D,NA,Yakushima,ST2,Onoda Yusuke,NA,0.03649942309554131,NA,-0.09731207806926262,-0.14306013317445626,NA,47.421039703054724,NO
Rubus_palmatus_var_yakumontanus,Rosaceae,Trees,D,NA,Yakushima,ST2,Onoda Yusuke,0.06183582590837414,0.06636187212058144,-0.12393324393358968,-0.13207262032997702,-0.0699545706167128,NA,0.04383774463347805,NO
Rubus_parvifolius,Rosaceae,Trees,D,NA,Yakushima,ST2,Onoda Yusuke,NA,NA,NA,NA,NA,NA,NA,NO
Rubus_pectinellus,Rosaceae,Trees,E,NA,Yakushima,ST2,Onoda Yusuke,0.02969142152938224,0.03294708632082201,-0.010983874922115017,-0.19069213235233898,-0.13226337617746067,NA,0.09435283188157056,NO
Rubus_sieboldii,Rosaceae,Trees,E,NA,Yakushima,ST2,Onoda Yusuke,0.044581171091918614,0.08185566258419377,-0.10787632857115251,-0.22958523104180706,-0.3854822182287876,NA,0.1017500660910483,NO
Sarcandra_glabra,Chloranthaceae,Trees,E,NA,Yakushima,ST2,Onoda Yusuke,0.024327798991183553,0.04883273839537099,-0.06149109557896915,-0.09147708348223861,-0.09282407292408881,NA,0.16343470788688352,NO
Schefflera_heptaphylla,Araliaceae,Trees,E,NA,Yakushima,ST2,Onoda Yusuke,0.04278800509835441,0.021248146600677913,-0.13562035101880457,-0.07266615374822402,-0.10508810339785399,NA,0.1641543986301056,NO
Schizophragma_hydrangeoides,Hydrangeaceae,Trees,D,NA,Yakushima,ST2,Onoda Yusuke,0.04491555280167208,0.06043215010018882,-0.04612207160511918,-0.14337095388011933,-0.07881216408213909,NA,0.04060106729657774,NO
Scurrula_yadoriki,Loranthaceae,Trees,E,NA,Yakushima,ST2,Onoda Yusuke,0.0015763894707619811,0.018191084051721897,-0.1444629636496053,-0.25513547728816455,-0.197524429920832,NA,0.17810965847680507,NO
Skimmia_japonica,Rutaceae,Trees,E,NA,Yakushima,ST2,Onoda Yusuke,0.047039687848987655,0.038548175646048205,-0.08636920499710006,-0.06917071124876667,-0.1184797701390829,NA,0.08972085289862113,NO
Smilax_biflora,Smilacaceae,Trees,E,NA,Yakushima,ST2,Onoda Yusuke,NA,NA,NA,NA,NA,NA,NA,NO
Smilax_china,Smilacaceae,Trees,E,NA,Yakushima,ST2,Onoda Yusuke,0.04351013198314862,0.07491403081496896,-0.23476764830580982,-0.22290337883371208,-0.127928454558405,NA,0.47216401628445887,NO
Smilax_sebeana,Smilacaceae,Trees,E,NA,Yakushima,ST2,Onoda Yusuke,0.013023408746348634,0.052733605155891476,-0.08919208888152311,-0.23059469317234055,-0.05147653376136589,NA,0.09770448825146062,NO
Sorbus_commixta,Rosaceae,Trees,D,NA,Yakushima,ST2,Onoda Yusuke,0.012035140084894974,0.013831802063601316,-0.03115453940126428,-0.0902195025621396,-0.04685034755155308,NA,0.26464930105752393,NO
Stachyurus_praecox_var_lancifolius,Stachyuraceae,Trees,D,NA,Yakushima,ST2,Onoda Yusuke,0.03623086535590013,0.023961882976823987,-0.16144184456034819,-0.13017693479736664,-0.007284256025141782,NA,0.010072721772713395,NO
Stauntonia_hexaphylla,Lardizabalaceae,Trees,E,NA,Yakushima,ST2,Onoda Yusuke,0.01243429802363682,0.010382403130072305,-0.04834183764941993,-0.094152398450218,-0.11241531634187035,NA,0.1479825142335449,NO
Stephania_japonica,Menispermaceae,Trees,E,NA,Yakushima,ST2,Onoda Yusuke,0.09293260924494486,0.0763992125831857,-0.14969811230908353,-0.11106869184873147,-0.12981669304068286,NA,0.03559809500695471,NO
Stewartia_monadelpha,Theaceae,Trees,D,NA,Yakushima,ST2,Onoda Yusuke,0.050923126602477095,0.03373424200578502,-0.055658056885206905,-0.03653375318354011,-0.15690313148208626,NA,0.17724848273644975,NO
Styrax_ japonica,Styracaceae,Trees,D,NA,Yakushima,ST2,Onoda Yusuke,0.024243921482388985,0.016089694205470923,-0.08446240440375495,-0.06456215544997954,-0.0371049933491033,NA,0.2186117597904764,NO
Symplocos_cochinchinensis,Symplocaceae,Trees,E,NA,Yakushima,ST2,Onoda Yusuke,0.047304757665928315,0.0322110309727188,-0.12499022148085114,-0.0993668420031992,-0.08875800327965827,NA,0.061253853053710804,NO
Symplocos_coreana,Symplocaceae,Trees,D,NA,Yakushima,ST2,Onoda Yusuke,0.04970211912773504,0.04307492535817551,-0.21233065486866476,-0.20387141761918873,-0.13323915910013068,NA,0.10275439892430775,NO
Symplocos_glauca,Symplocaceae,Trees,E,NA,Yakushima,ST2,Onoda Yusuke,0.04367615701250641,0.04730826244947092,-0.13495243616222244,-0.14722706421953308,-0.07741256548984055,NA,0.10454100180774974,NO
Symplocos_kuroki,Symplocaceae,Trees,E,NA,Yakushima,ST2,Onoda Yusuke,0.059178240142233544,0.014470710858300075,-0.06952086392190722,-0.18259943758910518,-0.25112138003557327,NA,0.10771058417445405,NO
Symplocos_myrtacea,Symplocaceae,Trees,E,NA,Yakushima,ST2,Onoda Yusuke,0.05483326268463094,0.03842537265512113,-0.35691772703046953,-0.259530570547107,-0.38332497189704956,NA,0.250177308168104,NO
Symplocos_prunifolia,Symplocaceae,Trees,E,NA,Yakushima,ST2,Onoda Yusuke,0.03808652611780981,0.025514354763647926,-0.1419083921778615,-0.1265228966217584,-0.13834530433814815,NA,0.10697053629482126,NO
Symplocos_tanakae,Symplocaceae,Trees,E,NA,Yakushima,ST2,Onoda Yusuke,0.05762657012194107,0.02363939539260178,-0.18450719602546162,-0.07160477329006609,-0.045323781680513375,NA,0.1595577450804859,NO
Syzygium_buxifolium,Myrtaceae,Trees,E,NA,Yakushima,ST2,Onoda Yusuke,0.050953586543145184,0.03030583941256445,-0.7646256937335844,-0.6118259935975789,-1.111636399941785,NA,1.2018201685387893,NO
Syzygium_jambos,Myrtaceae,Trees,E,NA,Yakushima,ST2,Onoda Yusuke,NA,NA,NA,NA,NA,NA,NA,NO
Tarenna_gracilipes,Rubiaceae,Trees,E,NA,Yakushima,ST2,Onoda Yusuke,0.014806077022490606,0.013118341224111109,-0.04978779683906668,-0.05905169532947198,-0.02941897096145455,NA,0.048508979952726336,NO
Ternstroemia_gymnanthera,Theaceae,Trees,E,NA,Yakushima,ST2,Onoda Yusuke,0.014560331399792492,0.01500234251845278,-0.039893422246562865,-0.013758951566481027,-0.14962951279391554,NA,0.0917659720186034,NO
Tetradium_glabrifolium_var_glauca,Rutaceae,Trees,D,NA,Yakushima,ST2,Onoda Yusuke,0.014249541079582366,0.02015672398509828,-0.108853508885225,-0.11344615942136126,-0.03148472022552608,NA,0.041966017823299034,NO
Trachelospermum_asiaticum,Apocynaceae,Trees,E,NA,Yakushima,ST2,Onoda Yusuke,0.036113548475726724,0.026069197483316157,-0.15715681800934678,-0.10420796477337745,-0.09096429453169116,NA,0.06131463959847767,NO
Trema_orientalis,Ulmaceae,Trees,E,NA,Yakushima,ST2,Onoda Yusuke,0.012967685373258113,0.02745739024816608,-0.1307684732613449,-0.1927535457929622,-0.09562323106741072,NA,0.07518940847595004,NO
Tripetaleia_paniculata,Ericaceae,Trees,D,NA,Yakushima,ST2,Onoda Yusuke,0.007026797849708707,0.015766171192000224,-0.130313461480133,-0.12898650114399224,-0.06094670195233547,NA,0.13926910497902129,NO
Tripterygium_doianum,Celastraceae,Trees,D,NA,Yakushima,ST2,Onoda Yusuke,0.004757599011401605,0.0027398047919576693,-0.1301241001990822,-0.1361157544740265,-0.18505729588898887,NA,0.024700981744447844,NO
Trochodendron_aralioides,Trochodendraceae,Trees,E,NA,Yakushima,ST2,Onoda Yusuke,0.012258243092675024,0.021380864713157807,-0.1673662099401905,-0.11932105836767361,-0.12180392731349744,NA,0.1840527244966307,NO
Tsuga_sieboldii,0,Trees,E,NA,Yakushima,ST2,Onoda Yusuke,NA,0.028347031157592163,NA,-0.09880143669244155,-0.09094849200357188,NA,-0.05954336251837239,NO
Tsuga_sieboldii,Pinaceae,Trees,E,NA,Yakushima,ST2,Onoda Yusuke,NA,0.028347031157592163,NA,-0.09880143669244155,-0.09094849200357188,NA,-0.05954336251837239,NO
Turpinia_ternata,Staphyleaceae,Trees,E,NA,Yakushima,ST2,Onoda Yusuke,0.04005499631730469,0.016830250422090246,-0.09339943327647891,-0.15453395114964927,-0.1599670558798305,NA,0.0036200256263890823,NO
Uncaria_rynchophylla,Rubiaceae,Trees,E,NA,Yakushima,ST2,Onoda Yusuke,0.020466696790625155,0.013469202021529708,-0.08057245596549326,-0.08867944795100312,-0.029725641685281395,NA,0.07140999468422182,NO
Vaccinium_bracteatum,Ericaceae,Trees,E,NA,Yakushima,ST2,Onoda Yusuke,0.03421201717662875,0.0238967847051783,-0.03297278780800707,-0.04153573460502621,-0.11633655516298833,NA,0.12045191357748733,NO
Vaccinium_yakushimense,Ericaceae,Trees,D,NA,Yakushima,ST2,Onoda Yusuke,0.06286387397215756,0.09783528196025897,-0.15979015955306167,-0.3150163736090587,-0.017918572143737765,NA,0.33766309564712477,NO
Vernicia_cordata,Euphorbiaceae,Trees,D,NA,Yakushima,ST2,Onoda Yusuke,0.01711010468124351,0.0439717091271503,-0.05268541494178173,-0.22983956039651776,-0.028095409470166352,NA,0.08671098924297838,NO
Viburnum urceolatum f. brevifolium,Caprifoliaceae,Trees,D,NA,Yakushima,ST2,Onoda Yusuke,0.0557628714337207,0.04989809022029152,-0.3180837302827724,-0.3081652632318254,-0.2426234082829815,NA,0.080650624816461,NO
Viburnum_furcatum,Caprifoliaceae,Trees,D,NA,Yakushima,ST2,Onoda Yusuke,0.018980547714071358,0.011341279206666211,-0.038539204166408554,-0.09164030874035929,-0.10153875503769022,NA,0.00943456511303492,NO
Viburnum_odoratissimum_var_awabuki,Caprifoliaceae,Trees,E,NA,Yakushima,ST2,Onoda Yusuke,0.08288793271317668,0.08685296237750322,-0.11043100257131323,-0.19186315452023517,-0.6518101803291493,NA,0.10934016220662288,NO
Vitex_rotundifolia,Verbenaceae,Trees,E,NA,Yakushima,ST2,Onoda Yusuke,0.049566041820006054,0.06692075512252231,-0.04725452171729158,-0.10158154155281764,-0.15358986200024166,NA,0.09126724165122468,NO
Vitis_ficifolia,Vitaceae,Trees,D,NA,Yakushima,ST2,Onoda Yusuke,0.06707228319064797,0.05836270519296045,-0.06396837182003241,-0.03310319430393045,-0.20247093909297603,NA,0.0751704546676923,NO
Vitis_flexuosa,Vitaceae,Trees,D,NA,Yakushima,ST2,Onoda Yusuke,0.03649031635993636,0.02728837921195037,-0.12808999922093323,-0.1241464470751625,-0.016242226727844464,NA,0.04927207941931367,NO
Zanthoxylum_ailanthoides,Rutaceae,Trees,D,NA,Yakushima,ST2,Onoda Yusuke,0.02041842168244229,0.018047383576286876,-0.0992507798632319,-0.09184395317350617,-0.05773859424247658,NA,0.14256259341180977,NO
Zanthoxylum_yakumontanum,Rutaceae,Trees,D,NA,Yakushima,ST2,Onoda Yusuke,0.02535952065076656,0.03231125852239471,-0.24153900376823692,-0.14193617553241475,-0.22584427028496631,NA,0.13173862423399185,NO
