species,family,growth_form,leaf_habit,leaf_type,location,biomes,data_contributor,lma_disc,lma_leaf,ld_disc,ld_leaf,lt,lt_disc,la,lma_ratio,ld_ratio
Acer campbellii,Sapindaceae,tree,deciduous,single,Ailao_understory,STF,Chen Yajun,68.56933272514938,91.98132335666666,0.404352805,0.520015093,0.17772222216666667,0.15994444466666669,68.748,1.3414352991498544,1.2860429965361562
Actinidia callosa,Actinidiaceae,liana,deciduous,single,Ailao_understory,STF,Chen Yajun,68.17182934617729,74.35582343,0.1984203505,0.23721939466666667,0.31905555566666666,0.3438333333333333,75.8665,1.0907118694500675,1.1955396413165122
Betula alnoides,Betulaceae,tree,deciduous,single,Ailao_understory,STF,Chen Yajun,38.756579365851024,61.18345557333333,0.2383916185,0.34289213083333336,0.17766666650000001,0.15672222216666667,57.66166666666667,1.5786598449718436,1.4383564866536336
Camellia forrestii,Theaceae,tree,evergreen,single,Ailao_understory,STF,Chen Yajun,123.62355057938287,129.36884351666666,0.3758778568333333,0.40702795766666666,0.3178333331666667,0.31022222233333335,9.991166666666667,1.0464740974543887,1.0828729340317207
Castanopsis wattii,Fagaceae,tree,evergreen,single,Ailao_understory,STF,Chen Yajun,88.44450163134827,91.00316283333333,0.41567548416666666,0.501468503,0.18127777766666667,0.20083333316666668,25.499333333333333,1.0289295677491632,1.2063942236221328
Cerasus cerasoides,Rosaceae,tree,deciduous,single,Ailao_understory,STF,Chen Yajun,34.18529051738994,51.52536856166667,0.156852394,0.2959487955,0.17311111116666666,0.20350000000000001,45.740833333333335,1.507237989844079,1.8867980778157583
Clethra delavayi,Clethraceae,tree,deciduous,single,Ailao_understory,STF,Chen Yajun,86.85448812076062,93.00201916666667,0.2718713523333333,0.36374923383333335,0.25527777766666665,0.3031666666666667,33.85466666666667,1.0707796589320595,1.3379461672274735
Cyclobalanopsis stewardiana,Fagaceae,tree,evergreen,single,Ailao_understory,STF,Chen Yajun,110.30718742357311,132.7376243,0.3895591725,0.4592826881666667,0.2913333335,0.2679444445,33.518166666666666,1.203345198081203,1.1789805518355922
Eriobotrya bengalensis,Rosaceae,tree,evergreen,single,Ailao_understory,STF,Chen Yajun,125.41231579624213,123.5567003,0.36531584316666665,0.437068538,0.2827777776666667,0.31988888883333333,31.256666666666668,0.9852038814173805,1.1964127649415903
Eurya obliquifolia,Pentaphylacaceae,tree,evergreen,single,Ailao_understory,STF,Chen Yajun,83.6744610942846,79.25891739,0.335658984,0.35691512616666665,0.22233333333333333,0.23494444450000002,20.64666666666667,0.9472294933658533,1.0633265998525059
Hartia sinensis,Theaceae,tree,evergreen,single,Ailao_understory,STF,Chen Yajun,96.79207257916077,113.094611805,0.32518444333333335,0.378791503,0.2984444445,0.2801666666666667,29.3465,1.1684284548458894,1.1648512429351248
Ilex corallina,Aquifoliaceae,tree,evergreen,single,Ailao_understory,STF,Chen Yajun,89.23950838575865,111.60883595,0.255381842,0.3397236101666667,0.3285555555,0.32944444433333336,8.400333333333334,1.2506661899967522,1.3302574979730417
Ilex gintungensis,Aquifoliaceae,tree,evergreen,single,Ailao_understory,STF,Chen Yajun,141.90870600149765,134.2572649,0.3469108873333333,0.3836923715,0.34772222216666665,0.384111111,37.61966666666667,0.9460819472103642,1.1060257417961195
Ilex polyneura,Aquifoliaceae,tree,deciduous,single,Ailao_understory,STF,Chen Yajun,78.70566886685143,96.71189202833334,0.34348818366666667,0.4282776245,0.22633333333333333,0.21638888883333335,32.100833333333334,1.2287792406915892,1.2468482028354608
Ilex szechwanensis,Aquifoliaceae,tree,evergreen,single,Ailao_understory,STF,Chen Yajun,94.60580399393082,101.1634161,0.2897810165,0.362264241,0.2793333333333333,0.3076111111666667,13.466000000000001,1.069315114181471,1.2501310312713325
Illicium burmanicum,Schisandraceae,tree,evergreen,single,Ailao_understory,STF,Chen Yajun,96.59332087465606,89.02710872,0.25839243283333335,0.251110864,0.352888889,0.3525,51.97083333333333,0.9216694064750676,0.9718197287997591
Laurocerasus undulata,Rosaceae,tree,evergreen,single,Ailao_understory,STF,Chen Yajun,71.1531046840507,86.346687275,0.32868534,0.4235826243333333,0.20377777766666666,0.20244444433333333,21.918833333333332,1.2135336561688361,1.2887177272139163
Lithocarpus hancei,Fagaceae,tree,evergreen,single,Ailao_understory,STF,Chen Yajun,97.18957595283216,116.84972948333333,0.31995755416666666,0.4036759105,0.2895555556666667,0.2855,25.933666666666667,1.2022866479018552,1.2616545702487907
Lithocarpus pachyphyllus,Fagaceae,tree,evergreen,single,Ailao_understory,STF,Chen Yajun,132.76612828337264,138.37018118333333,0.36289660983333333,0.47067986316666666,0.2941666666666667,0.3450555555,67.283,1.0422099595161767,1.2970081571796295
Lithocarpus xylocarpus,Fagaceae,tree,evergreen,single,Ailao_understory,STF,Chen Yajun,99.97209959503537,120.36740365,0.4104691733333333,0.44903329183333335,0.2709444445,0.22994444433333333,35.854,1.2040099601546976,1.0939513147524063
Litsea cubeba,Lauraceae,tree,deciduous,single,Ailao_understory,STF,Chen Yajun,63.998043874921386,63.197959491666666,0.2988203973333333,0.30993416683333336,0.2034444445,0.20155555549999998,26.068,0.9874982994039878,1.0371921381511404
Litsea elongata,Lauraceae,tree,evergreen,single,Ailao_understory,STF,Chen Yajun,69.16558779095716,84.61621190333334,0.34144054166666665,0.45296199016666666,0.1865555555,0.1909444445,23.675166666666666,1.2233860017075748,1.32662040645681
Lyonia ovalifolia,Ericaceae,tree,deciduous,single,Ailao_understory,STF,Chen Yajun,65.38930569513954,82.84795952666667,0.2734704505,0.3671060761666667,0.2261666665,0.22038888883333332,48.712666666666664,1.2669955529566794,1.3423975990658876
Machilus gamblei,Lauraceae,tree,evergreen,single,Ailao_understory,STF,Chen Yajun,62.209278673964235,100.98510098999999,0.23896137683333332,0.39378807183333336,0.25644444433333335,0.2459444445,28.47566666666667,1.6233125209385233,1.6479151444962836
Machilus salicina,Lauraceae,shrub,evergreen,single,Ailao_understory,STF,Chen Yajun,98.38208608798152,108.17475245166666,0.43224129733333333,0.4340384025,0.24933333333333335,0.215611111,30.701833333333333,1.099537088031735,1.0041576433759423
Machilus yunnanensis,Lauraceae,tree,evergreen,single,Ailao_understory,STF,Chen Yajun,100.56835466261006,122.81609592166666,0.43134169083333335,0.5526882926666666,0.22072222233333333,0.21794444433333332,30.10066666666667,1.221220097849806,1.2813236105206918
Manglietia insignis,Magnoliaceae,tree,evergreen,single,Ailao_understory,STF,Chen Yajun,83.6744610942846,84.76476250166667,0.25490658683333334,0.281970864,0.30038888883333337,0.31066666666666665,53.81733333333333,1.0130302770179005,1.106173314322247
Meliosma kirkii,Sabiaceae,tree,deciduous,compound,Ailao_understory,STF,Chen Yajun,71.74935974809159,54.318034456666666,0.2582144871666667,0.21136007366666668,0.25716666666666665,0.26188888883333333,44.7025,0.7570525318605569,0.818544598275164
Neolitsea chui,Lauraceae,tree,evergreen,single,Ailao_understory,STF,Chen Yajun,71.35185636558569,99.96180688833334,0.30150756366666664,0.43053258833333335,0.2321666666666667,0.2219444445,43.712833333333336,1.4009699534117064,1.4279329616065985
Neolitsea polycarpa,Lauraceae,tree,evergreen,single,Ailao_understory,STF,Chen Yajun,77.31440704486636,81.13182009333333,0.4614800611666667,0.4864340478333333,0.16711111116666666,0.15883333333333333,19.161,1.0493751836737453,1.0540738132945127
Rhododendron decorum,Ericaceae,shrub,evergreen,single,Ailao_understory,STF,Chen Yajun,83.8732127828872,112.01144791333334,0.27343893216666665,0.33788083016666665,0.33261111116666664,0.28761111100000003,88.929,1.3354853617362235,1.235671992606822
Rhododendron delavayi,Ericaceae,tree,evergreen,single,Ailao_understory,STF,Chen Yajun,123.42479889784788,144.87144068333333,0.2619460731666667,0.3292251253333333,0.4388888888333333,0.4448333333333333,39.655166666666666,1.1737628254370152,1.2568431408546423
Rhododendron leptothrium,Ericaceae,tree,evergreen,single,Ailao_understory,STF,Chen Yajun,85.86072967421384,88.05410261166666,0.3951715038333333,0.4267550196666667,0.20616666666666666,0.20433333333333334,8.575999999999999,1.0255457057699748,1.0799235661654742
Rosa longicuspis,Rosaceae,liana,evergreen,compound,Ailao_understory,STF,Chen Yajun,109.31342896995872,87.63476394833333,0.40757458533333335,0.3369536815,0.25688888883333333,0.2528333331666667,9.0985,0.8016834232911761,0.8267288825784456
Rubus paniculatus,Rosaceae,liana,deciduous,single,Ailao_understory,STF,Chen Yajun,78.90442055368712,85.212897555,0.24751507383333332,0.272704464,0.31216666633333334,0.30072222233333334,55.034166666666664,1.0799508691280553,1.1017691156201184
Rubus wallichianus,Rosaceae,liana,evergreen,compound,Ailao_understory,STF,Chen Yajun,64.79305063286557,69.31125575666667,0.24810527683333333,0.2609974685,0.26366666666666666,0.24172222216666667,124.70933333333333,1.0697328660970515,1.0519625855250434
Schima noronhae,Theaceae,tree,evergreen,single,Ailao_understory,STF,Chen Yajun,79.30192393265921,96.16169647166667,0.28341700233333333,0.36930733383333336,0.2605555555,0.2637222223333333,42.36233333333333,1.2126023140790918,1.3030528542496629
Sorbus globosa,Rosaceae,tree,deciduous,single,Ailao_understory,STF,Chen Yajun,60.221761786171385,81.73379145333334,0.3435624225,0.4669495321666667,0.17438888916666667,0.16283333333333333,55.351166666666664,1.3572135558495355,1.3591402947063183
Styrax perkinsiae,Styracaceae,tree,deciduous,single,Ailao_understory,STF,Chen Yajun,70.75560130507861,83.62314963666667,0.37857592316666666,0.4018701548333333,0.21699999983333335,0.17711111116666667,36.99783333333333,1.181859076797422,1.0615312021742371
Symplocos anomala,Symplocaceae,tree,evergreen,single,Ailao_understory,STF,Chen Yajun,38.359075986878935,54.92718721333333,0.15187484233333334,0.22787904616666668,0.2443333335,0.23427777783333334,22.031,1.4319215413875368,1.500439721718493
Symplocos poilanei,Symplocaceae,tree,evergreen,single,Ailao_understory,STF,Chen Yajun,75.3268901517728,92.14362870666668,0.25647503033333335,0.31918821183333335,0.2888333335,0.276,26.992,1.2232501371158504,1.2445196377148038
Symplocos ramosissima,Symplocaceae,tree,evergreen,single,Ailao_understory,STF,Chen Yajun,94.00954891928852,81.208611685,0.3641295495,0.36695117883333334,0.22116666666666668,0.24388888883333332,23.918666666666667,0.863833649012839,1.0077489710384884
Symplocos sumuntia,Symplocaceae,tree,evergreen,single,Ailao_understory,STF,Chen Yajun,96.19581749921777,131.18851106666665,0.26068249033333335,0.32095286283333335,0.4087777775,0.3462777776666667,22.031,1.3637652288545021,1.2312022277481414
Ternstroemia gymnanthera,Pentaphylacaceae,tree,evergreen,single,Ailao_understory,STF,Chen Yajun,130.18235633860652,156.72891353333333,0.25385466133333334,0.3118545625,0.5020555555,0.4817222221666667,22.2935,1.2039182416216123,1.2284768018914087
Tetracentron sinense,Trochodendraceae,tree,deciduous,single,Ailao_understory,STF,Chen Yajun,58.03549320447524,68.32685781333333,0.2731218778333333,0.2834621981666667,0.24011111133333335,0.205,70.1175,1.1773288041612526,1.0378597291998823
Vaccinium duclouxii,Ericaceae,tree,evergreen,single,Ailao_understory,STF,Chen Yajun,186.8265877104953,187.08073501666667,0.4027011781666667,0.4076754325,0.4565,0.4305,17.440833333333334,1.0013603379973155,1.0123522219527121
Viburnum cylindricum,Adoxaceae,tree,evergreen,single,Ailao_understory,STF,Chen Yajun,92.61828710083728,119.09017336666668,0.2716369445,0.33672226516666665,0.3539444445,0.3234444445,57.21066666666667,1.285817057240633,1.2396040817881704
Aglaia lawii,Meliaceae,tree,deciduous,compound,Mengla_Bubeng,TRF,Chen Yajun,110.9034424929147,117.29045357166666,0.3119019615,0.3645608831666667,0.32177777766666665,0.3363333335,151.728,1.0575907378092433,1.1688316463718895
Alnus cremastogyne,Betulaceae,tree,evergreen,single,Mengla_Bubeng,TRF,Chen Yajun,81.88569588979364,85.466171195,0.3933978501666667,0.4467804455,0.1914444445,0.19627777800000001,51.493833333333335,1.0437252839619897,1.1356962050268382
Alseodaphne andersonii,Lauraceae,tree,evergreen,single,Mengla_Bubeng,TRF,Chen Yajun,106.92840872262973,114.53908100166666,0.3424402,0.366770439,0.3144999998333333,0.2950555555,195.89866666666666,1.0711754001574911,1.0710495993169027
Baccaurea ramiflora,Phyllanthaceae,tree,evergreen,single,Mengla_Bubeng,TRF,Chen Yajun,66.78056752242532,63.109309805,0.23880310066666668,0.2367505195,0.26677777783333334,0.265388889,96.30766666666666,0.9450250596299218,0.9914047130839738
Balakata baccata,Euphorbiaceae,tree,evergreen,single,Mengla_Bubeng,TRF,Chen Yajun,68.17182934794418,77.72431224666667,0.321493021,0.40690607666666667,0.19033333316666667,0.19972222233333334,90.52783333333333,1.140123611029525,1.2656762358355103
Barringtonia macrostachya,Lecythidaceae,tree,evergreen,single,Mengla_Bubeng,TRF,Chen Yajun,97.38832763436714,89.106991055,0.36203275283333336,0.34253932766666667,0.26027777766666665,0.25377777766666665,159.04266666666666,0.9149658200266213,0.9461556309087847
Bauhinia aurea,Leguminosae,liana,evergreen,single,Mengla_Bubeng,TRF,Chen Yajun,93.81079722891903,75.17466604833334,0.45516762516666665,0.38293908283333333,0.19633333349999998,0.1940555555,128.11466666666666,0.801343430275841,0.8413144117908524
Bauhinia glauca subsp. tenuiflora,Leguminosae,liana,evergreen,single,Mengla_Bubeng,TRF,Chen Yajun,55.6504729359434,55.84189899166667,0.2875716705,0.31690355433333334,0.17572222216666666,0.18205555533333334,35.81616666666667,1.0034397920740694,1.1019985166909316
Canarium album,Burseraceae,tree,deciduous,compound,Mengla_Bubeng,TRF,Chen Yajun,115.27597966867532,119.24162778333333,0.4895560763333333,0.5597297856666666,0.21316666683333332,0.2219444445,61.85316666666667,1.0344013395163156,1.143341514334617
Canthium simile,Rubiaceae,tree,evergreen,single,Mengla_Bubeng,TRF,Chen Yajun,76.51940028868908,95.23955517333333,0.3392915995,0.40103117033333335,0.23672222216666666,0.217111111,29.177500000000002,1.2446458651533814,1.1819661050386052
Capparis fohaiensis,Capparaceae,liana,evergreen,single,Mengla_Bubeng,TRF,Chen Yajun,181.06278872511794,193.6938294,0.3587834723333333,0.40276862383333334,0.481,0.47611111100000003,210.74366666666668,1.0697605552406353,1.1225952556118164
Castanopsis indica,Fagaceae,tree,evergreen,single,Mengla_Bubeng,TRF,Chen Yajun,116.26973810462067,118.54280798333333,0.37281472216666667,0.385144888,0.308388889,0.296,43.53666666666667,1.0195499698869823,1.0330731730809202
Celtis timorensis,Cannabaceae,tree,evergreen,single,Mengla_Bubeng,TRF,Chen Yajun,118.8535100546875,118.90982622166666,0.3984170436666667,0.4341700373333333,0.27127777766666666,0.28150000000000003,54.66116666666667,1.000473828387174,1.0897376109657075
Cinnamomum bejolghota,Lauraceae,tree,evergreen,single,Mengla_Bubeng,TRF,Chen Yajun,108.91592559805424,123.89465108333333,0.31882709033333334,0.375946324,0.329722222,0.3226111111666667,82.18633333333334,1.137525576751346,1.1791542669945285
Cinnamomum tenuipile,Lauraceae,tree,evergreen,single,Mengla_Bubeng,TRF,Chen Yajun,89.23950838575865,91.976977575,0.46954057816666667,0.5202292958333333,0.17733333333333334,0.1795555555,52.5375,1.0306755296926111,1.107953859631434
Cleidion brevipetiolatum,Euphorbiaceae,tree,evergreen,single,Mengla_Bubeng,TRF,Chen Yajun,58.830499962419424,66.43991157166667,0.2805166985,0.341724134,0.1944444445,0.19894444449999998,88.95666666666666,1.1293446700964311,1.2181953367742206
Colona thorelii,Malvaceae,tree,evergreen,single,Mengla_Bubeng,TRF,Chen Yajun,73.14062157184355,67.44867893166668,0.29569155233333333,0.291322335,0.23194444466666667,0.23255555566666666,37.993,0.9221780931327488,0.9852237329783168
Combretum latifolium,Combretaceae,liana,deciduous,single,Mengla_Bubeng,TRF,Chen Yajun,94.00954892105543,74.54139793666667,0.393007848,0.3181453748333333,0.23572222216666666,0.22611111116666666,80.08716666666666,0.7929130475805479,0.8095140502978794
Croton tiglium spp. A,Euphorbiaceae,tree,deciduous,single,Mengla_Bubeng,TRF,Chen Yajun,55.84922462454599,68.23021219333333,0.27057279866666667,0.36797078633333336,0.18533333333333335,0.1949444445,88.7085,1.2216859348007105,1.3599696205480603
Croton tiglium spp. B,Euphorbiaceae,tree,deciduous,single,Mengla_Bubeng,TRF,Chen Yajun,72.34561481389939,49.91461734833333,0.3206750136666667,0.27312938816666665,0.18377777783333332,0.21622222216666667,64.524,0.6899466882233682,0.8517326780270369
Diospyros hasseltii,Ebenaceae,tree,deciduous,single,Mengla_Bubeng,TRF,Chen Yajun,72.34561481743317,82.79321743999999,0.27488791166666665,0.32729310933333333,0.2517222221666667,0.24705555566666665,85.4765,1.1444123828228114,1.1906420596996423
Drypetes hoaensis,Putranjivaceae,tree,evergreen,single,Mengla_Bubeng,TRF,Chen Yajun,72.14686312706368,73.725405075,0.441496402,0.44262969533333335,0.16611111116666666,0.1544444445,12.908833333333334,1.021879564537078,1.0025669367365158
Duabanga grandiflora,Lythraceae,tree,evergreen,single,Mengla_Bubeng,TRF,Chen Yajun,129.18859788675906,139.10042215000001,0.3624522331666667,0.44186768483333333,0.3144999998333333,0.335888889,297.4111666666667,1.0767236770533668,1.2191059797668538
Dysoxylum lenticellatum,Meliaceae,tree,deciduous,compound,Mengla_Bubeng,TRF,Chen Yajun,83.67446109075078,95.53913200333334,0.28527076166666665,0.3379684511666667,0.2826666666666667,0.276888889,59.5885,1.1417956059461738,1.1847286738820302
Elaeocarpus sylvestris,Elaeocarpaceae,tree,evergreen,single,Mengla_Bubeng,TRF,Chen Yajun,84.66821953729756,75.10028966166666,0.4697832436666667,0.44017987133333336,0.17072222233333334,0.17061111133333334,48.493833333333335,0.8869950268481069,0.9369850399467667
Embelia longifolia,Primulaceae,liana,evergreen,single,Mengla_Bubeng,TRF,Chen Yajun,71.7493597498585,77.41052131000001,0.21775084316666668,0.259736985,0.298,0.3111111111666667,23.416666666666668,1.078901910482242,1.1928173559410609
Ficus drupacea,Moraceae,tree,evergreen,single,Mengla_Bubeng,TRF,Chen Yajun,141.51120260662344,161.16218080000002,0.38285662783333335,0.4283775045,0.3777222221666667,0.35000000016666666,296.339,1.1388651769712033,1.1188979721319674
Ficus langkokensis,Moraceae,tree,deciduous,single,Mengla_Bubeng,TRF,Chen Yajun,63.998043876688286,57.653427289999996,0.2856873403333333,0.3004188758333333,0.19166666666666668,0.2120555555,37.42916666666667,0.9008623357471187,1.051565237307371
Ficus sagittata,Moraceae,liana,deciduous,single,Mengla_Bubeng,TRF,Chen Yajun,160.79011644878145,177.64932318333334,0.4608369525,0.5174189038333333,0.3428333331666667,0.3286111111666667,37.651333333333334,1.1048522577562923,1.1227808469489724
Ficus semicordata,Moraceae,tree,deciduous,single,Mengla_Bubeng,TRF,Chen Yajun,29.614001668928854,37.05990829833333,0.140454185,0.19264031483333333,0.19316666666666665,0.1989444445,179.17666666666668,1.2514319649416634,1.371552686972861
Fissistigma maclurei,Annonaceae,liana,evergreen,single,Mengla_Bubeng,TRF,Chen Yajun,67.97307765757469,67.796980085,0.357687931,0.3973520615,0.1713333335,0.179388889,58.49166666666667,0.9974093041150526,1.110890323833711
Fissistigma polyanthum,Annonaceae,liana,evergreen,single,Mengla_Bubeng,TRF,Chen Yajun,86.05948136104954,75.22182178166666,0.3583649405,0.3547597358333333,0.21238888883333334,0.22816666666666668,45.6255,0.8740678027803223,0.9899398510868931
Garcinia cowa,Clusiaceae,tree,evergreen,single,Mengla_Bubeng,TRF,Chen Yajun,84.07196447502359,93.02114502666666,0.2363569825,0.27669275283333333,0.3365555555,0.336,27.46816666666667,1.1064466687263115,1.170656140160079
Garuga pinnata,Burseraceae,tree,deciduous,compound,Mengla_Bubeng,TRF,Chen Yajun,73.93562832978773,91.7615691,0.399151751,0.5218917613333333,0.17583333333333334,0.1753,36.29833333333333,1.24110082206511,1.3075021217515173
Glochidion puberum,Phyllanthaceae,shrub,deciduous,single,Mengla_Bubeng,TRF,Chen Yajun,67.77432596720519,47.30070466833333,0.34069040633333336,0.2513260815,0.18861111116666668,0.191611111,79.538,0.6979147928556504,0.7376963860088893
Harpullia cupanioides,Sapindaceae,tree,evergreen,single,Mengla_Bubeng,TRF,Chen Yajun,60.221761782637586,68.17942835666666,0.378158647,0.46012200183333335,0.14783333333333334,0.14999999983333334,105.8895,1.1321393851403951,1.2167433046515352
Heteropanax fragrans,Araliaceae,tree,evergreen,compound,Mengla_Bubeng,TRF,Chen Yajun,93.01579047627555,92.86177063166667,0.351218184,0.3605539073333333,0.25761111133333336,0.24972222233333335,26.003666666666668,0.9983441537848547,1.0265809794555891
Ilex godajam,Aquifoliaceae,tree,evergreen,single,Mengla_Bubeng,TRF,Chen Yajun,84.27071615832548,87.0512333,0.30864238683333334,0.37727999166666665,0.23099999999999998,0.2594444445,40.19466666666667,1.032995057695375,1.22238554314446
Lindera metcalfiana,Lauraceae,tree,evergreen,single,Mengla_Bubeng,TRF,Chen Yajun,56.44547969212068,69.49318402666667,0.3424153615,0.45220052483333334,0.15366666666666667,0.155111111,58.251333333333335,1.2311558765327906,1.320619854355843
Lithocarpus craibianus,Fagaceae,tree,evergreen,single,Mengla_Bubeng,TRF,Chen Yajun,79.10317224405661,83.06212117166666,0.34380784833333333,0.3943238095,0.21161111083333334,0.2180555555,61.038833333333336,1.0500479160986809,1.1469307969889324
Lithocarpus grandifolius,Fagaceae,tree,evergreen,single,Mengla_Bubeng,TRF,Chen Yajun,111.69844923849057,119.75470513333333,0.40577211583333334,0.4737120805,0.2533888888333333,0.25983333350000004,223.81066666666666,1.0721250469435042,1.1674337935398507
Litsea dilleniifolia,Lauraceae,tree,evergreen,single,Mengla_Bubeng,TRF,Chen Yajun,101.16460972488404,99.01749053666667,0.333840764,0.37883889233333334,0.26088888883333333,0.285388889,345.67216666666667,0.9787759850598303,1.1347891964845052
Mussaenda pubescens,Rubiaceae,liana,deciduous,single,Mengla_Bubeng,TRF,Chen Yajun,64.39554725566038,67.24630393833333,0.24025362133333333,0.2706850768333333,0.24877777783333332,0.25344444433333335,55.96066666666667,1.0442694689953484,1.1266638784927145
Nephelium chryseum,Sapindaceae,tree,evergreen,compound,Mengla_Bubeng,TRF,Chen Yajun,78.30816548787934,84.85117019500001,0.46385955133333334,0.5469116581666666,0.15438888866666667,0.159111111,41.64833333333333,1.0835545650489464,1.1790458051248607
Parashorea chinensis,Dipterocarpaceae,tree,evergreen,single,Mengla_Bubeng,TRF,Chen Yajun,73.14062157361046,81.015800455,0.33744900883333334,0.36182564066666667,0.22394444433333333,0.20527777766666666,58.8885,1.1076717521940085,1.0722379713533934
Phoebe lanceolata,Lauraceae,tree,evergreen,single,Mengla_Bubeng,TRF,Chen Yajun,55.849224628079796,72.64524461666667,0.3831061998333333,0.5012432325,0.14516666666666667,0.13733333316666665,41.9935,1.3007386423077072,1.3083662773352691
Pittosporopsis kerrii,Icacinaceae,tree,deciduous,single,Mengla_Bubeng,TRF,Chen Yajun,81.88569589156054,83.69357169666667,0.2947917555,0.31821163350000004,0.26205555566666666,0.26116666666666666,53.30416666666667,1.022078041658219,1.0794454986038442
Poikilospermum suaveolens,Urticaceae,liana,evergreen,single,Mengla_Bubeng,TRF,Chen Yajun,39.154082744823114,42.71811529166666,0.14566714783333334,0.18822438966666666,0.22322222233333333,0.25294444450000003,171.22066666666666,1.0910258214978814,1.2921540132166633
Pometia tomentosa,Sapindaceae,tree,deciduous,compound,Mengla_Bubeng,TRF,Chen Yajun,74.53188339559553,81.87767972333333,0.6160439808333333,0.6537450093333333,0.125388889,0.1145,88.26766666666667,1.0985591131348211,1.0611985989198387
Pseuduvaria trimera,Annonaceae,tree,evergreen,single,Mengla_Bubeng,TRF,Chen Yajun,73.33937326044615,75.33376751333333,0.43499592266666665,0.47036567766666665,0.1600555555,0.1595555555,72.9675,1.0271940454931976,1.081310543747564
Pterospermum menglunense,Malvaceae,tree,deciduous,single,Mengla_Bubeng,TRF,Chen Yajun,89.04075668832155,97.78799108666666,0.2802288645,0.33060809466666663,0.2958888888333333,0.2961666668333333,27.643,1.0982385451750365,1.1797788755864107
Sargentodoxa cuneata,Lardizabalaceae,liana,deciduous,compound,Mengla_Bubeng,TRF,Chen Yajun,76.0225210671826,81.0501093,0.2624876205,0.28484915391666665,0.2974722221666667,0.29055555558333335,60.52125,1.0661328796025382,1.0851908115669273
Semecarpus reticulatus,Anacardiaceae,tree,evergreen,single,Mengla_Bubeng,TRF,Chen Yajun,95.202059052671,108.64735650333333,0.3431893696666667,0.3877250885,0.2794444443333333,0.26155555566666666,62.566833333333335,1.1412290614767444,1.1297701000371603
Sloanea tomentosa,Elaeocarpaceae,tree,evergreen,single,Mengla_Bubeng,TRF,Chen Yajun,88.24574994097878,91.41216524833334,0.353247643,0.3652820795,0.2513888888333333,0.24216666666666667,64.5025,1.0358817881821203,1.0340679881054438
Stixis suaveolens,Capparaceae,liana,evergreen,single,Mengla_Bubeng,TRF,Chen Yajun,51.47668746822131,83.51577923333333,0.2302903885,0.40004560733333333,0.2085555555,0.21122222216666667,82.80499999999999,1.6224000288458942,1.737135492015262
Strychnos angustiflora,Loganiaceae,liana,evergreen,single,Mengla_Bubeng,TRF,Chen Yajun,64.79305063286557,65.78184290333334,0.3334360728333333,0.3597860315,0.18311111116666667,0.18305555566666667,34.379,1.0152607765927018,1.0790255188731113
Symplocos cochinchinensis,Symplocaceae,tree,evergreen,single,Mengla_Bubeng,TRF,Chen Yajun,108.31967053047956,135.67746651166667,0.3460086748333333,0.43469749766666665,0.31105555566666665,0.29511111116666666,69.07316666666667,1.2525653544476858,1.2563196511649695
Tetracera sarmentosa,Dilleniaceae,liana,evergreen,single,Mengla_Bubeng,TRF,Chen Yajun,46.11039186181604,54.112626784999996,0.19112772466666667,0.23764105416666667,0.2275,0.227111111,80.93266666666666,1.1735451511053108,1.2433625450264782
Uncaria laevigata,Rubiaceae,liana,deciduous,single,Mengla_Bubeng,TRF,Chen Yajun,69.76184286029874,75.16579348,0.3771303968333333,0.411733437,0.18238888883333335,0.17483333316666666,65.957,1.0774628421230632,1.09175351670727
Uncaria macrophylla,Rubiaceae,liana,deciduous,single,Mengla_Bubeng,TRF,Chen Yajun,93.41329386231526,96.50598043666666,0.273902794,0.2961921891666667,0.3254444445,0.32083333333333336,64.65866666666666,1.033107563671931,1.081377027379526
Abelia_serrata,Caprifoliaceae,tree,deciduous,NA,Yakushima,ST2,Onoda Yusuke,65.80738587,66.78704087,NA,0.31836882238862124,0.2085,NA,6.393884365333333,1.0148867028685087,NA
Acer_morifolium,Sapindaceae,tree,deciduous,NA,Yakushima,ST2,Onoda Yusuke,82.12395063666666,90.28344464333333,NA,0.4052629066155712,0.22416666666666665,NA,56.4756,1.0993558388680782,NA
Acer_rufinerve,Sapindaceae,tree,deciduous,NA,Yakushima,ST2,Onoda Yusuke,62.779197823333334,60.731354986666666,NA,0.23034508880840884,0.28900000000000003,NA,73.23305555666667,0.9673802325026597,NA
Acer_sieboldianum,Sapindaceae,tree,deciduous,NA,Yakushima,ST2,Onoda Yusuke,70.346484845,72.3847001475,NA,0.3683084097546958,0.19725,NA,34.2675,1.0289739467009753,NA
Actinidia_arguta,Actinidiaceae,tree,deciduous,NA,Yakushima,ST2,Onoda Yusuke,41.15110209,71.58119658,NA,0.36897524010309274,0.194,NA,46.956,1.7394721634294872,NA
Actinidia_rufa,Actinidiaceae,tree,deciduous,NA,Yakushima,ST2,Onoda Yusuke,72.14599673333333,76.1395701425,NA,0.2908584221307725,0.260375,NA,52.326458335,1.0553540541400759,NA
Actinodaphne_acuminata,Lauraceae,tree,evergreen,NA,Yakushima,ST2,Onoda Yusuke,96.7662054,119.9940064,NA,0.3835675354315199,0.31833333333333336,NA,27.66684285666667,1.240040424278123,NA
Actinodaphne_coreana,Lauraceae,tree,evergreen,NA,Yakushima,ST2,Onoda Yusuke,79.18276729,90.3440416,NA,0.3979913726872247,0.227,NA,14.039,1.1409558505213995,NA
Adina_pilulifera,Rubiaceae,tree,evergreen,NA,Yakushima,ST2,Onoda Yusuke,92.44567921,93.12838905,NA,0.3833119945703706,0.24316666666666667,NA,16.469125,1.0073849837638074,NA
Alnus_firma,Betulaceae,tree,deciduous,NA,Yakushima,ST2,Onoda Yusuke,101.48567998,105.72143477333333,NA,0.38615357981267123,0.2931666666666667,NA,13.830694446666666,1.04173746280429,NA
Alnus_sieboldiana,Betulaceae,tree,deciduous,NA,Yakushima,ST2,Onoda Yusuke,79.25916166,92.95819636,NA,0.25573093909215955,0.3635,NA,37.5685,1.172838501103066,NA
Ampelopsis_cantoniensis,Vitaceae,tree,deciduous,NA,Yakushima,ST2,Onoda Yusuke,62.76222129,62.81239713666667,NA,0.20645382049773484,0.6735,NA,15.58567037,1.0007994593823382,NA
Ampelopsis_glandulosa_var_heterophylla,Vitaceae,tree,deciduous,NA,Yakushima,ST2,Onoda Yusuke,51.51527198,55.5650431725,NA,0.291658166565045,0.193625,NA,57.3587125,1.078613021670006,NA
Anodendron_affine,Apocynaceae,tree,evergreen,NA,Yakushima,ST2,Onoda Yusuke,93.64931499400001,100.723771674,NA,0.24828559663484867,0.4089,NA,22.611710000000002,1.075542001353168,NA
Aralia_elata,Araliaceae,tree,deciduous,NA,Yakushima,ST2,Onoda Yusuke,34.9631579,49.95334182,NA,0.2684621837882497,0.1905,NA,18.586313335,1.428742276738109,NA
Ardisia_crenata,Primulaceae,tree,evergreen,NA,Yakushima,ST2,Onoda Yusuke,66.03444692000001,80.92007984,NA,0.2802181434947121,0.28633333333333333,NA,21.913344443333333,1.225422239668847,NA
Ardisia_quinquegona,Primulaceae,tree,evergreen,NA,Yakushima,ST2,Onoda Yusuke,61.565376119999996,69.71844052,NA,0.2754338632826002,0.255,NA,27.23297222,1.1324293769294689,NA
Ardisia_sieboldii,Primulaceae,tree,evergreen,NA,Yakushima,ST2,Onoda Yusuke,98.6355525325,102.87734545000001,NA,0.30399578836478364,0.56025,NA,20.287781250000002,1.0430047057941136,NA
Aria_alnifolia,Rosaceae,tree,deciduous,NA,Yakushima,ST2,Onoda Yusuke,67.64721701,80.70848621,NA,0.2924220514855072,0.276,NA,20.2234,1.19307918015414,NA
Aucuba_japonica_var_ovoidea,Garryaceae,tree,evergreen,NA,Yakushima,ST2,Onoda Yusuke,58.148850010000004,71.38779735666667,NA,0.22272196080143564,0.32166666666666666,NA,45.91191666666666,1.2276734164887169,NA
Berchemia_racemosa_var_luxurians,Rhamnaceae,tree,deciduous,NA,Yakushima,ST2,Onoda Yusuke,54.27820179,62.59117309,NA,0.3477287393888889,0.18,NA,18.3945,1.1531548766512665,NA
Blastus_cochinchinensis,Melastomataceae,tree,evergreen,NA,Yakushima,ST2,Onoda Yusuke,37.153129916666664,43.268797766666665,NA,0.16461651653980325,0.2648333333333333,NA,34.8617,1.1646070698139634,NA
Bredia_hirsuta,Melastomataceae,tree,evergreen,NA,Yakushima,ST2,Onoda Yusuke,24.879100705,30.9845752,NA,0.1166800273628358,0.26316666666666666,NA,16.99838889,1.2454057551112758,NA
Buddleja_curviflora,Scrophulariaceae,tree,deciduous,NA,Yakushima,ST2,Onoda Yusuke,72.784738575,88.14675583666667,NA,0.30311665844228086,0.29983333333333334,NA,37.568777776666664,1.2110609663842797,NA
Buxus_microphylla_var_japonica,Buxaceae,tree,evergreen,NA,Yakushima,ST2,Onoda Yusuke,165.3089342,154.4039452,NA,0.3239306630384038,0.4265,NA,1.8704107145000002,0.9340326700866238,NA
Callicarpa_japonica_var_luxurians,Verbenaceae,tree,deciduous,NA,Yakushima,ST2,Onoda Yusuke,57.440079993333335,62.67203068,NA,0.27333934155876716,0.2275,NA,54.55672222333333,1.0910853656066268,NA
Callicarpa_shikokiana,Verbenaceae,tree,deciduous,NA,Yakushima,ST2,Onoda Yusuke,62.611554615,53.119158955,NA,0.20335952113701297,0.2925,NA,8.6650357145,0.8483922701110206,NA
Camellia_japonica,Theaceae,tree,evergreen,NA,Yakushima,ST2,Onoda Yusuke,172.09954513333332,187.21851106666668,NA,0.4056541426096706,0.4613333333333333,NA,9.484337963,1.0878501214028196,NA
Camellia_sasanqua,Theaceae,tree,evergreen,NA,Yakushima,ST2,Onoda Yusuke,147.78491394666668,152.25148456333335,NA,0.42226558920437113,0.355,NA,6.178481481333334,1.0302234544608428,NA
Carpinus_laxiflora,Betulaceae,tree,deciduous,NA,Yakushima,ST2,Onoda Yusuke,48.784173155000005,57.753596986666665,NA,0.3557524141271105,0.16666666666666669,NA,10.024111112333333,1.1838592980384943,NA
Castanopsis_sieboldii,Fagaceae,tree,evergreen,NA,Yakushima,ST2,Onoda Yusuke,141.75400263333333,151.90247226666668,NA,0.4162244036267233,0.3665,NA,8.332083333333333,1.071592120467905,NA
Celastrus_punctatus,Celastraceae,tree,evergreen,NA,Yakushima,ST2,Onoda Yusuke,84.83595087,67.8747166,NA,0.1920076848656294,0.3535,NA,7.443125,0.8000702049536654,NA
Cinnamomum_camphora,Lauraceae,tree,evergreen,NA,Yakushima,ST2,Onoda Yusuke,99.94930426666666,101.53321989666667,NA,0.4212510118335246,0.24033333333333334,NA,21.718533333333333,1.015847190149259,NA
Cinnamomum_daphnoides,Lauraceae,tree,evergreen,NA,Yakushima,ST2,Onoda Yusuke,195.6162795,227.13794213333333,NA,0.3952198567987722,0.5743333333333334,NA,6.2739777776666665,1.161140282975954,NA
Cinnamomum_tenuifolium,Lauraceae,tree,evergreen,NA,Yakushima,ST2,Onoda Yusuke,125.78333465,127.0806486,NA,0.37862899742943446,0.336,NA,13.606599405,1.0103138778567913,NA
Clerodendrum_trichotomum,Verbenaceae,tree,deciduous,NA,Yakushima,ST2,Onoda Yusuke,56.00980757,66.967406635,NA,0.26937631391210004,0.2485,NA,159.14749999999998,1.1956371489279873,NA
Clerodendrum_trichotomum_var_fargesii,Verbenaceae,tree,deciduous,NA,Yakushima,ST2,Onoda Yusuke,76.39437268,81.41935218,NA,0.3971675716097562,0.205,NA,18.226625,1.0657768278437023,NA
Clethra_barbinervis,Clethraceae,tree,deciduous,NA,Yakushima,ST2,Onoda Yusuke,71.51362109333334,83.01819638,NA,0.29353041436031757,0.2855,NA,21.206804763333334,1.1608725038779941,NA
Cleyera_japonica,Theaceae,tree,evergreen,NA,Yakushima,ST2,Onoda Yusuke,162.40807015000001,168.349913375,NA,0.38356812623337055,0.439375,NA,9.47680654825,1.0365858865234474,NA
Cocculus_orbiculatus,Menispermaceae,tree,deciduous,NA,Yakushima,ST2,Onoda Yusuke,62.9234983,86.03840599,NA,0.28631749081530783,0.3005,NA,67.854,1.3673493736758753,NA
Cornus_kousa,Cornaceae,tree,deciduous,NA,Yakushima,ST2,Onoda Yusuke,58.69952611,66.73664637499999,NA,0.29320016018788597,0.24025000000000002,NA,14.65910606,1.1369196788733664,NA
Cornus_macrophylla,Cornaceae,tree,deciduous,NA,Yakushima,ST2,Onoda Yusuke,79.65386592,100.45922386666666,NA,0.4446555992969514,0.2275,NA,53.74673889,1.2611970895117939,NA
Crateva_formosensis,Brassicaceae,tree,deciduous,NA,Yakushima,ST2,Onoda Yusuke,93.112007905,99.960496675,NA,0.1775397485145042,1.04675,NA,53.137166664999995,1.0735510802966182,NA
Daphne_kiusiana,Thymelaeaceae,tree,evergreen,NA,Yakushima,ST2,Onoda Yusuke,57.311695005000004,65.790752845,NA,0.23706847682102905,0.29125,NA,7.861694444499999,1.1479463805643904,NA
Daphnimorpha_kudoi,Thymelaeaceae,tree,evergreen,NA,Yakushima,ST2,Onoda Yusuke,44.89442635,44.46157325,NA,0.15766515336879433,0.282,NA,12.16275,0.9903584222988963,NA
Daphniphyllum_macropodum,Daphniphyllaceae,tree,evergreen,NA,Yakushima,ST2,Onoda Yusuke,143.0272422,166.89736903333332,NA,0.32946150986915773,0.5071666666666667,NA,35.128025,1.1668921700941062,NA
Daphniphyllum_teijsmannii,Daphniphyllaceae,tree,evergreen,NA,Yakushima,ST2,Onoda Yusuke,121.5943765,163.7588476,NA,0.3778983036776949,0.4388333333333333,NA,25.567444443333333,1.346763331608514,NA
Debregeasia_orientalis,Urticaceae,tree,deciduous,NA,Yakushima,ST2,Onoda Yusuke,37.611496155,43.393389505,NA,0.16038082166684842,0.271,NA,29.87025,1.1537267575363754,NA
Dendropanax_trifidus,Araliaceae,tree,evergreen,NA,Yakushima,ST2,Onoda Yusuke,63.48796783666667,98.26394219333334,NA,0.35162621625603036,0.2776666666666667,NA,100.8065,1.54775693003962,NA
Diospyros_japonica,Ebenaceae,tree,deciduous,NA,Yakushima,ST2,Onoda Yusuke,98.97209292,124.45138153333333,NA,0.516326520198515,0.23550000000000001,NA,52.06883333333333,1.2574391210856628,NA
Diospyros_kaki,Ebenaceae,tree,deciduous,NA,Yakushima,ST2,Onoda Yusuke,118.71685515,129.33519625,NA,0.3776151929583025,0.346,NA,48.482583335,1.0894425739848281,NA
Diospyros_morrisiana,Ebenaceae,tree,evergreen,NA,Yakushima,ST2,Onoda Yusuke,92.62393274666667,97.30192119333333,NA,0.34159543485639005,0.2815,NA,12.8538,1.050505180550488,NA
Diplomorpha_pauciflora_var_yakusimensis,Euphorbiaceae,tree,deciduous,NA,Yakushima,ST2,Onoda Yusuke,65.33416517333333,65.98818932333333,NA,0.3127733770137556,0.21366666666666667,NA,14.69827037,1.0100104462690362,NA
Distylium_racemosum,Hamamelidaceae,tree,evergreen,NA,Yakushima,ST2,Onoda Yusuke,211.1986095,207.014253075,NA,0.4111600717632417,0.501875,NA,5.44155,0.9801875758798497,NA
Elaeagnus_glabra,Elaeagnaceae,tree,evergreen,NA,Yakushima,ST2,Onoda Yusuke,110.69969014666667,119.93535921666667,NA,0.3553320566209811,0.3455,NA,10.542325397666666,1.0834299450862384,NA
Elaeagnus_macrophylla,Elaeagnaceae,tree,evergreen,NA,Yakushima,ST2,Onoda Yusuke,80.79978151,89.34387336,NA,0.2516728827042254,0.355,NA,19.8102,1.1057439969555185,NA
Elaeagnus_pungens,Elaeagnaceae,tree,evergreen,NA,Yakushima,ST2,Onoda Yusuke,136.97086606666667,152.45006703333334,NA,0.3422801279839682,0.44783333333333336,NA,11.147838096666666,1.113010900866558,NA
Elaeagnus_umbellata,Elaeagnaceae,tree,deciduous,NA,Yakushima,ST2,Onoda Yusuke,94.55925685666666,102.63047902333334,NA,0.36301279427748334,0.2833333333333333,NA,8.754999999999999,1.0853562351796087,NA
Elaeagnus_yakusimensis,Elaeagnaceae,tree,deciduous,NA,Yakushima,ST2,Onoda Yusuke,68.96714200666666,73.25384475333334,NA,0.2626195364179663,0.27799999999999997,NA,4.7855009803333335,1.0621557254939216,NA
Elaeocarpus_japonicus,Elaeocarpaceae,tree,evergreen,NA,Yakushima,ST2,Onoda Yusuke,141.14284766666665,146.59749726666666,NA,0.3855209862569965,0.381,NA,14.55785,1.0386463054286825,NA
Elaeocarpus_sylvestris_var_ellipticus,Elaeocarpaceae,tree,evergreen,NA,Yakushima,ST2,Onoda Yusuke,116.2255498,122.23046820666667,NA,0.4107871014609712,0.2955,NA,13.052811113333334,1.0516660787322571,NA
Erycibe_henryi,Convolvulaceae,tree,evergreen,NA,Yakushima,ST2,Onoda Yusuke,56.12092666,82.565179735,NA,0.2633864410302103,0.30425,NA,43.051666665,1.4712012906559515,NA
Euonymus_japonicus,Celastraceae,tree,evergreen,NA,Yakushima,ST2,Onoda Yusuke,109.3903755,117.34441755,NA,0.3374921637669157,0.35325,NA,29.035125,1.0727124485462618,NA
Euonymus_yakushimensis,Celastraceae,tree,deciduous,NA,Yakushima,ST2,Onoda Yusuke,27.990049323333334,31.22043741,NA,0.22448631208883002,0.13899999999999998,NA,19.77205555666667,1.115412018369461,NA
Eurya_emarginata,Theaceae,tree,evergreen,NA,Yakushima,ST2,Onoda Yusuke,154.76651080000002,170.66397676666668,NA,0.2611397369700889,0.6526666666666666,NA,3.2767148146666667,1.1027190306513432,NA
Eurya_japonica,Theaceae,tree,evergreen,NA,Yakushima,ST2,Onoda Yusuke,116.28921173666666,111.71574983333333,NA,0.32012759282077774,0.3453333333333333,NA,8.427447222333333,0.9606716578861176,NA
Euscaphis_japonica,Staphyleaceae,tree,deciduous,NA,Yakushima,ST2,Onoda Yusuke,92.28864634333333,103.95549478333334,NA,0.4031820686708611,0.25733333333333336,NA,17.356476853333334,1.1264169418695,NA
Fatsia_japonica,Araliaceae,tree,evergreen,NA,Yakushima,ST2,Onoda Yusuke,50.3438916,69.34499101,NA,0.22923963970247935,0.3025,NA,139.42175,1.3774261147900613,NA
Ficus_erecta,Moraceae,tree,deciduous,NA,Yakushima,ST2,Onoda Yusuke,88.49014835999999,98.23941338,NA,0.2965118579672388,0.33616666666666667,NA,34.24652777666667,1.1101734509511452,NA
Ficus_microcarpa,Moraceae,tree,evergreen,NA,Yakushima,ST2,Onoda Yusuke,87.554317295,101.795031,NA,0.3014146844541943,0.3425,NA,12.36466667,1.162650045651298,NA
Ficus_nipponica,Moraceae,tree,evergreen,NA,Yakushima,ST2,Onoda Yusuke,134.21218041333333,146.9767289,NA,0.3215219771263085,0.46166666666666667,NA,9.074583333333333,1.0951072283257428,NA
Ficus_pumila,Moraceae,tree,evergreen,NA,Yakushima,ST2,Onoda Yusuke,109.44767125000001,146.4387451,NA,0.3609032638382688,0.40049999999999997,NA,27.689625,1.337979542438186,NA
Ficus_superba_var_japonica,Moraceae,tree,evergreen,NA,Yakushima,ST2,Onoda Yusuke,104.99982115333333,113.54933733333333,NA,0.4391389997446836,0.26016666666666666,NA,46.07513889,1.0814241023088502,NA
Ficus_thunbergii,Moraceae,tree,evergreen,NA,Yakushima,ST2,Onoda Yusuke,96.04682506,125.08107429999998,NA,0.2653080763693429,0.472,NA,7.556875,1.3022926496723075,NA
Firmiana_simplex,Malvaceae,tree,deciduous,NA,Yakushima,ST2,Onoda Yusuke,55.564173733333334,71.44534826333333,NA,0.2911299062386873,0.2465,NA,218.706,1.2858168035795476,NA
Frangula_crenata,Rhamnaceae,tree,deciduous,NA,Yakushima,ST2,Onoda Yusuke,66.542045088,69.95138757000001,NA,0.24575972094456275,0.294,NA,12.9902916664,1.0512359137368148,NA
Fraxinus_sieboldiana,Oleaceae,tree,deciduous,NA,Yakushima,ST2,Onoda Yusuke,75.01927396333333,77.61554775333333,NA,0.3843971856322571,0.19849999999999998,NA,10.3107,1.0346080900658805,NA
Gardenia_jasminoides,Rubiaceae,tree,evergreen,NA,Yakushima,ST2,Onoda Yusuke,60.054465193333336,71.54651514666666,NA,0.3629252924039266,0.19633333333333333,NA,32.195444443333336,1.1913604578166999,NA
Glochidion_obovatum,Euphorbiaceae,tree,deciduous,NA,Yakushima,ST2,Onoda Yusuke,115.01597220000001,119.1758515,NA,0.4350058003350471,0.2758333333333333,NA,8.618605555666667,1.0361678401741143,NA
Glochidion_zeylanicum,Euphorbiaceae,tree,evergreen,NA,Yakushima,ST2,Onoda Yusuke,57.41037107,64.91290649,NA,0.3174225256234719,0.2045,NA,39.249,1.1306825801709628,NA
Helicia_cochinchinensis,Proteaceae,tree,evergreen,NA,Yakushima,ST2,Onoda Yusuke,90.36605462333334,93.10972721,NA,0.31823133477260723,0.2961666666666667,NA,21.823325,1.0303617613727072,NA
Hoya_carnosa,Apocynaceae,tree,evergreen,NA,Yakushima,ST2,Onoda Yusuke,127.18389812333334,122.10456721333334,NA,0.07276565337475067,1.7734999999999999,NA,41.0795,0.9600630977273991,NA
Hydrangea_grosseserrata,Hydrangeaceae,tree,deciduous,NA,Yakushima,ST2,Onoda Yusuke,22.42174838333333,23.255912726666665,NA,0.11962250434898569,0.1955,NA,36.7335,1.0372033585014,NA
Hydrangea_paniculata,Hydrangeaceae,tree,deciduous,NA,Yakushima,ST2,Onoda Yusuke,58.42896271,55.0308505625,NA,0.1880646915948483,0.302125,NA,75.0043541675,0.9418419908570717,NA
Hydrangea_petiolaris,Hydrangeaceae,tree,deciduous,NA,Yakushima,ST2,Onoda Yusuke,41.456679576666666,44.34388708666667,NA,0.17123967539634155,0.2821666666666667,NA,10.646022223333333,1.0696439642412903,NA
Idesia_polycarpa,Salicaceae,tree,deciduous,NA,Yakushima,ST2,Onoda Yusuke,85.14152836,117.97999056666666,NA,0.421609456162892,0.2841666666666667,NA,146.31511111,1.3856926559717992,NA
Ilex_goshiensis,Aquifoliaceae,tree,evergreen,NA,Yakushima,ST2,Onoda Yusuke,140.02239686666667,141.46753486666665,NA,0.4015870041095776,0.35650000000000004,NA,4.27525,1.0103207631945916,NA
Ilex_integra,Aquifoliaceae,tree,evergreen,NA,Yakushima,ST2,Onoda Yusuke,152.4449707,157.59194193333335,NA,0.31661752780957403,0.49883333333333335,NA,9.04398611,1.0337628142778301,NA
Ilex_pedunculosa,Aquifoliaceae,tree,evergreen,NA,Yakushima,ST2,Onoda Yusuke,98.58269382666667,119.07769286666667,NA,0.4581274121557743,0.2595,NA,11.327166666666667,1.2078965206209054,NA
Ilex_rotunda,Aquifoliaceae,tree,evergreen,NA,Yakushima,ST2,Onoda Yusuke,108.86198103333334,113.47126125666666,NA,0.29490891194591895,0.38716666666666666,NA,15.291958333333334,1.042340587407848,NA
Illicium_anisatum,Schisandraceae,tree,evergreen,NA,Yakushima,ST2,Onoda Yusuke,98.00973601333334,110.81289006666667,NA,0.30610656947071824,0.359,NA,12.832935186666667,1.1306314512630824,NA
Kadsura_japonica,Schisandraceae,tree,evergreen,NA,Yakushima,ST2,Onoda Yusuke,61.679967680000004,69.97764105333333,NA,0.22448663743666308,0.3198333333333333,NA,22.68195,1.134527848918181,NA
Kalopanax_septemlobus,Araliaceae,tree,deciduous,NA,Yakushima,ST2,Onoda Yusuke,81.91174404666667,99.5457083,NA,0.37736323631248325,0.26549999999999996,NA,76.06641666666667,1.2152800487716013,NA
Lagerstroemia_subcostata,Lythraceae,tree,deciduous,NA,Yakushima,ST2,Onoda Yusuke,64.93521678,72.15296695,NA,0.42820751899109794,0.1685,NA,16.886,1.1111530926962743,NA
Lagerstroemia_subcostata_var_fauriei,Lythraceae,tree,deciduous,NA,Yakushima,ST2,Onoda Yusuke,67.65146114333334,78.26496277333334,NA,0.47816931817588276,0.16966666666666666,NA,30.751938096666667,1.1568850317587842,NA
Lasianthus_fordii,Rubiaceae,tree,evergreen,NA,Yakushima,ST2,Onoda Yusuke,42.07207869,49.304409013333334,NA,0.1666558106051925,0.30033333333333334,NA,20.32359444333333,1.1719033275399433,NA
Lasianthus_fordii_f_pubescens,Rubiaceae,tree,evergreen,NA,Yakushima,ST2,Onoda Yusuke,45.0281165,52.64703968333333,NA,0.16874929584872392,0.32266666666666666,NA,29.07805,1.169203683732437,NA
Lasianthus_japonicus,Rubiaceae,tree,evergreen,NA,Yakushima,ST2,Onoda Yusuke,37.38231303333333,47.868039053333334,NA,0.20499547678918625,0.23616666666666666,NA,38.54983333333333,1.2804996579706027,NA
Ligustrum_japonicum,Oleaceae,tree,evergreen,NA,Yakushima,ST2,Onoda Yusuke,145.65435976666666,133.0258166,NA,0.3443945306557613,0.3993333333333333,NA,10.409583333333334,0.9132978704729666,NA
Lindera_erythrocarpa,Lauraceae,tree,deciduous,NA,Yakushima,ST2,Onoda Yusuke,75.75775291,79.53013505333334,NA,0.3331672362426007,0.23900000000000002,NA,11.439114813333333,1.049795327850008,NA
Lithocarpus_edulis,Fagaceae,tree,evergreen,NA,Yakushima,ST2,Onoda Yusuke,142.81503560000002,165.52413193333334,NA,0.37480458765947944,0.4415,NA,13.471608995333334,1.1590105428180373,NA
Litsea_cubeba,Lauraceae,tree,deciduous,NA,Yakushima,ST2,Onoda Yusuke,66.12781781333334,61.84723494333333,NA,0.2917360507886917,0.21283333333333335,NA,21.379066666666667,0.9352680458610731,NA
Litsea_japonica,Lauraceae,tree,evergreen,NA,Yakushima,ST2,Onoda Yusuke,173.87359225,198.71584065,NA,0.4663291379425406,0.42774999999999996,NA,31.923083335,1.1428753387937207,NA
Lonicera_affinis,Caprifoliaceae,tree,semi-deciduous,NA,Yakushima,ST2,Onoda Yusuke,76.191522475,89.4368217525,NA,0.3278839841488799,0.26925,NA,17.4091208325,1.1738421657323628,NA
Lonicera_hypoglauca,Caprifoliaceae,tree,semi-deciduous,NA,Yakushima,ST2,Onoda Yusuke,41.32935562,37.3290103,NA,0.1890076470886076,0.1975,NA,6.219916667,0.9032081371705645,NA
Machilus_japonica,Lauraceae,tree,evergreen,NA,Yakushima,ST2,Onoda Yusuke,97.746599835,102.09685287,NA,0.38499035316304403,0.26816666666666666,NA,20.73828254,1.0445054154553037,NA
Machilus_thunbergii,Lauraceae,tree,evergreen,NA,Yakushima,ST2,Onoda Yusuke,148.33240696666667,165.33030523333332,NA,0.49791344633433077,0.331,NA,17.74973611,1.114593288238668,NA
Maesa_japonica,Primulaceae,tree,evergreen,NA,Yakushima,ST2,Onoda Yusuke,53.23414537,70.647835245,NA,0.2359520730848534,0.2995,NA,19.680125,1.3271150453147587,NA
Maesa_tenera,Primulaceae,tree,evergreen,NA,Yakushima,ST2,Onoda Yusuke,69.34062561666667,67.13999849666666,NA,0.2910221200577323,0.22833333333333333,NA,41.10525,0.9682635237217839,NA
Mallotus_japonicus,Euphorbiaceae,tree,deciduous,NA,Yakushima,ST2,Onoda Yusuke,76.97581874333333,89.80909061666667,NA,0.3070147890287403,0.29233333333333333,NA,92.48011111333334,1.1667182250587596,NA
Melia_azedarach,Meliaceae,tree,deciduous,NA,Yakushima,ST2,Onoda Yusuke,74.96410026333334,80.73400749333334,NA,0.3701493887772494,0.218,NA,4.326527578,1.0769689385950276,NA
Meliosma_rigida,Sabiaceae,tree,evergreen,NA,Yakushima,ST2,Onoda Yusuke,124.77747536666666,154.18870026666667,NA,0.4122927683944267,0.3725,NA,34.56456111,1.235709408397415,NA
Michelia_compressa,Magnoliaceae,tree,evergreen,NA,Yakushima,ST2,Onoda Yusuke,72.57465404999999,100.723837375,NA,0.2880100452760066,0.34975,NA,27.02425,1.3878652085011216,NA
Microtropis_japonica,Celastraceae,tree,evergreen,NA,Yakushima,ST2,Onoda Yusuke,106.02106534500001,108.4577629,NA,0.1914977020700152,1.8250000000000002,NA,15.522291665000001,1.0229831453501321,NA
Morinda_umbellata,Rubiaceae,tree,deciduous,NA,Yakushima,ST2,Onoda Yusuke,55.813728684,59.2230941875,NA,0.25609866667006415,0.2419,NA,23.29920625,1.0610847113046824,NA
Morus_australis,Moraceae,tree,deciduous,NA,Yakushima,ST2,Onoda Yusuke,94.41707843,94.90071613,NA,0.364002736757037,0.26,NA,56.572333334999996,1.0051223540067338,NA
Mussaenda_parviflora,Rubiaceae,tree,evergreen,NA,Yakushima,ST2,Onoda Yusuke,44.28327137,47.97200215,NA,0.23174880265700487,0.207,NA,41.527,1.0832985158024924,NA
Myrica_rubra,Primulaceae,tree,evergreen,NA,Yakushima,ST2,Onoda Yusuke,129.233813775,125.5471481,NA,0.42353888667021994,0.308,NA,9.38391666675,0.9714729019649719,NA
Myrsine_seguinii,Primulaceae,tree,evergreen,NA,Yakushima,ST2,Onoda Yusuke,104.434290545,116.40960255,NA,0.3442718266644654,0.34,NA,17.54047916575,1.114668390453995,NA
Nageia_nagi,Podocarpaceae,tree,evergreen,NA,Yakushima,ST2,Onoda Yusuke,103.06449700333333,122.61900969999999,NA,0.3151814477953624,0.3905,NA,15.047722222333334,1.1897308313262736,NA
Neolitsea_aciculata,Lauraceae,tree,evergreen,NA,Yakushima,ST2,Onoda Yusuke,134.8042368,145.16641595,NA,0.4572304400399388,0.31825,NA,11.0833964275,1.0768683492149704,NA
Neolitsea_sericea,Lauraceae,tree,evergreen,NA,Yakushima,ST2,Onoda Yusuke,109.40629095999999,122.7691890525,NA,0.5281142868100561,0.232375,NA,22.1425,1.1221401253551828,NA
Oreocnide_pedunculata,Urticaceae,tree,evergreen,NA,Yakushima,ST2,Onoda Yusuke,66.2848507,61.3778491,NA,0.2603144305794466,0.24150000000000002,NA,14.124419193333333,0.9259709941535705,NA
Osmanthus_heterophyllus,Oleaceae,tree,evergreen,NA,Yakushima,ST2,Onoda Yusuke,207.2324683,200.4046555,NA,0.3687298169273229,0.5435,NA,5.766222222,0.967052398419944,NA
Osmanthus_rigidus,Oleaceae,tree,evergreen,NA,Yakushima,ST2,Onoda Yusuke,159.81702765,237.7162026,NA,0.4499279857442043,0.5405,NA,12.001833335,1.4874272541258842,NA
Parthenocissus_tricuspidata,Vitaceae,tree,deciduous,NA,Yakushima,ST2,Onoda Yusuke,61.85397708,69.130215445,NA,0.3151791610497312,0.20966666666666667,NA,73.33583333333334,1.1176357399878936,NA
Pieris_japonica,Ericaceae,tree,evergreen,NA,Yakushima,ST2,Onoda Yusuke,182.49766806666668,165.14405093333335,NA,0.37555431020431973,0.43966666666666665,NA,2.934254375,0.9049104719135698,NA
Piper_kadzura,Piperaceae,tree,evergreen,NA,Yakushima,ST2,Onoda Yusuke,48.05900536,51.08403343,NA,0.15140265953907606,0.3418333333333333,NA,23.41016666666667,1.062944042377493,NA
Pittosporum_tobira,Pittosporaceae,tree,evergreen,NA,Yakushima,ST2,Onoda Yusuke,133.6646874,154.31297386666665,NA,0.3959506213463979,0.389,NA,10.751313491,1.1544782460372303,NA
Premna_microphylla,Verbenaceae,tree,deciduous,NA,Yakushima,ST2,Onoda Yusuke,80.82524629666666,80.24270441666667,NA,0.3505189902960658,0.23,NA,31.4565,0.9927925752572186,NA
Prunus_jamasakura,Rosaceae,tree,deciduous,NA,Yakushima,ST2,Onoda Yusuke,103.89634685,93.19141315666667,NA,0.4714439606141767,0.213,NA,36.16818333333333,0.8969652541413362,NA
Prunus_zippeliana,Rosaceae,tree,evergreen,NA,Yakushima,ST2,Onoda Yusuke,148.1753741,143.24386313333332,NA,0.39086932890362996,0.36433333333333334,NA,32.056333333333335,0.9667184173036842,NA
Psychotria_rubra,Rubiaceae,tree,evergreen,NA,Yakushima,ST2,Onoda Yusuke,54.5010187125,62.0388254075,NA,0.21155525126345723,0.30012500000000003,NA,43.435,1.1383057945166661,NA
Psychotria_serpens,Rubiaceae,tree,evergreen,NA,Yakushima,ST2,Onoda Yusuke,75.94449471,84.01025982666667,NA,0.1619620712131722,0.5356666666666666,NA,3.2666166666666667,1.1062060541381757,NA
Quercus_acuta,Fagaceae,tree,evergreen,NA,Yakushima,ST2,Onoda Yusuke,142.60282899999999,170.62316856666666,NA,0.4385556852418417,0.388,NA,24.37182738,1.1964921717413242,NA
Quercus_phillyraeoides,Fagaceae,tree,evergreen,NA,Yakushima,ST2,Onoda Yusuke,176.6619868,190.88535696666668,NA,0.5039584249190208,0.37916666666666665,NA,5.4414,1.0805117751945643,NA
Quercus_salicina,Fagaceae,tree,evergreen,NA,Yakushima,ST2,Onoda Yusuke,120.79860182499999,139.9289196,NA,0.42722514090023234,0.337375,NA,19.76257639,1.1583653907080311,NA
Randia_cochinchinensis,Rubiaceae,tree,evergreen,NA,Yakushima,ST2,Onoda Yusuke,78.04958409,85.74238272,NA,0.4492153956856014,0.19425,NA,22.937025,1.0985629676274677,NA
Rhaphiolepis_indica_var_umbellata,Rosaceae,tree,evergreen,NA,Yakushima,ST2,Onoda Yusuke,183.34649443333333,205.54974216666668,NA,0.3972858520678097,0.5205,NA,12.57786111,1.1210999305002074,NA
Rhododendron_keiskei,Ericaceae,tree,evergreen,NA,Yakushima,ST2,Onoda Yusuke,54.692004645,59.72165387333334,NA,0.17121305802721534,0.9091666666666666,NA,8.681575395666666,1.0919631536817906,NA
Rhododendron_tashiroi,Ericaceae,tree,evergreen,NA,Yakushima,ST2,Onoda Yusuke,114.909868915,119.27332035250001,NA,0.3633560672643712,0.329875,NA,4.0418559255,1.0379728171191953,NA
Rhododendron_yakumontanum,Ericaceae,tree,deciduous,NA,Yakushima,ST2,Onoda Yusuke,65.934709825,66.691366205,NA,0.24610165335998752,0.29,NA,7.161388888499999,1.0114758430272655,NA
Rhododendron_yakusimanum,Ericaceae,tree,evergreen,NA,Yakushima,ST2,Onoda Yusuke,224.72677963333334,285.26633023333335,NA,0.45130167654749836,0.6288333333333334,NA,11.209355555666667,1.269391795222523,NA
Rhus_succedanea,Anacardiaceae,tree,deciduous,NA,Yakushima,ST2,Onoda Yusuke,90.76500301666667,90.07233298333334,NA,0.36539127611881383,0.24833333333333332,NA,17.360744046666667,0.9923685340129814,NA
Rubus_buergeri,Rosaceae,tree,evergreen,NA,Yakushima,ST2,Onoda Yusuke,55.20766666,53.62560688,NA,0.19184829357261524,0.27875,NA,38.216916665,0.971343476808335,NA
Rubus_croceacanthus,Rosaceae,tree,deciduous,NA,Yakushima,ST2,Onoda Yusuke,46.85521525,36.960713104999996,NA,0.19507641101398598,0.19175,NA,5.9521875,0.7888281572882113,NA
Rubus_grayanus,Rosaceae,tree,deciduous,NA,Yakushima,ST2,Onoda Yusuke,67.90186492,75.23069896333332,NA,0.265110914876353,0.29983333333333334,NA,29.611416666666667,1.107932735749864,NA
Rubus_palmatus_var_yakumontanus,Rosaceae,tree,deciduous,NA,Yakushima,ST2,Onoda Yusuke,59.70220225333333,57.87116505,NA,0.19777737728611286,0.2911666666666667,NA,23.790216666666666,0.9693304914354127,NA
Rubus_pectinellus,Rosaceae,tree,evergreen,NA,Yakushima,ST2,Onoda Yusuke,34.377467710000005,34.20970615333333,NA,0.18710555282029906,0.19133333333333333,NA,6.621566666666667,0.9951200141301311,NA
Rubus_sieboldii,Rosaceae,tree,evergreen,NA,Yakushima,ST2,Onoda Yusuke,86.12805322,121.02841044666667,NA,0.24106013518578157,0.5065000000000001,NA,176.80866666666668,1.405214746204926,NA
Sarcandra_glabra,Chloranthaceae,tree,evergreen,NA,Yakushima,ST2,Onoda Yusuke,49.815497185,57.292613556666666,NA,0.2037212856510013,0.2808333333333333,NA,30.616083333333332,1.150096190827904,NA
Schefflera_heptaphylla,Araliaceae,tree,evergreen,NA,Yakushima,ST2,Onoda Yusuke,100.80237474333333,118.40165833333333,NA,0.3831663186983504,0.31,NA,36.20623148,1.1745919541559604,NA
Schizophragma_hydrangeoides,Hydrangeaceae,tree,deciduous,NA,Yakushima,ST2,Onoda Yusuke,49.37622954333333,61.754635746666665,NA,0.2325799798482134,0.2648333333333333,NA,45.846555556666665,1.2506956549298658,NA
Scurrula_yadoriki,Loranthaceae,tree,evergreen,NA,Yakushima,ST2,Onoda Yusuke,205.66213953333335,201.85234216666666,NA,0.4097384542395633,0.5033333333333333,NA,7.6970740740000005,0.9814754559331559,NA
Skimmia_japonica,Rutaceae,tree,evergreen,NA,Yakushima,ST2,Onoda Yusuke,105.1313892,123.4720685,NA,0.2756808131450802,0.44533333333333336,NA,16.77786111,1.1744548363677478,NA
Smilax_china,Smilacaceae,tree,evergreen,NA,Yakushima,ST2,Onoda Yusuke,64.93521678,62.8414085675,NA,0.21342965170778042,0.302125,NA,11.169473215,0.9677554289285918,NA
Smilax_sebeana,Smilacaceae,tree,evergreen,NA,Yakushima,ST2,Onoda Yusuke,72.77200618,79.49707846,NA,0.2840953517451946,0.2825,NA,28.458541665,1.0924129020624451,NA
Sorbus_commixta,Rosaceae,tree,deciduous,NA,Yakushima,ST2,Onoda Yusuke,84.67042972666667,79.52892908333334,NA,0.39231747152658636,0.20333333333333334,NA,5.195726144,0.9392763133489326,NA
Stachyurus_praecox_var_lancifolius,Stachyuraceae,tree,deciduous,NA,Yakushima,ST2,Onoda Yusuke,91.354937345,107.571321915,NA,0.4599516072943206,0.23375,NA,80.127333335,1.1775096676905286,NA
Stauntonia_hexaphylla,Lardizabalaceae,tree,evergreen,NA,Yakushima,ST2,Onoda Yusuke,93.17566988333333,107.39673766666667,NA,0.28511685007382787,0.37966666666666665,NA,14.382944446666666,1.15262640774292,NA
Stephania_japonica,Menispermaceae,tree,evergreen,NA,Yakushima,ST2,Onoda Yusuke,54.307910713333335,62.84268488,NA,0.23756026791279103,0.26083333333333336,NA,57.2305,1.1571552662321671,NA
Stewartia_monadelpha,Theaceae,tree,deciduous,NA,Yakushima,ST2,Onoda Yusuke,108.64977447666666,103.06970156666667,NA,0.31454228239734844,0.32866666666666666,NA,14.806683333333332,0.948641652162855,NA
Styrax_ japonica,Styracaceae,tree,deciduous,NA,Yakushima,ST2,Onoda Yusuke,82.887894362,88.08802526800001,NA,0.34819862133587226,0.2532,NA,23.9588499994,1.0627369164825113,NA
Symplocos_cochinchinensis,Symplocaceae,tree,evergreen,NA,Yakushima,ST2,Onoda Yusuke,94.45739768333333,116.45051476666667,NA,0.3924409651034431,0.29650000000000004,NA,53.924166666666665,1.2328363645700346,NA
Symplocos_coreana,Symplocaceae,tree,deciduous,NA,Yakushima,ST2,Onoda Yusuke,69.17934859666667,71.53613579333333,NA,0.22471670405840038,0.3278333333333333,NA,6.519672222333333,1.0340677853214162,NA
Symplocos_glauca,Symplocaceae,tree,evergreen,NA,Yakushima,ST2,Onoda Yusuke,55.58963852,79.11716278666667,NA,0.2789462024879394,0.28400000000000003,NA,32.19558333333333,1.4232357844565215,NA
Symplocos_kuroki,Symplocaceae,tree,evergreen,NA,Yakushima,ST2,Onoda Yusuke,152.57653876666666,164.82219703333334,NA,0.40823092163886243,0.41383333333333333,NA,9.286059596,1.0802591169366726,NA
Symplocos_myrtacea,Symplocaceae,tree,evergreen,NA,Yakushima,ST2,Onoda Yusuke,78.0920254,76.6634675,NA,0.22848365670921256,0.371,NA,3.6814639,0.9817067377535325,NA
Symplocos_prunifolia,Symplocaceae,tree,evergreen,NA,Yakushima,ST2,Onoda Yusuke,127.53616106666666,143.88837803333334,NA,0.43792804674216806,0.3305,NA,7.374425641,1.1282163178654792,NA
Symplocos_tanakae,Symplocaceae,tree,evergreen,NA,Yakushima,ST2,Onoda Yusuke,121.25060185333334,143.11696419999998,NA,0.33282696777222454,0.42916666666666664,NA,26.690394443333332,1.1803402375941734,NA
Syzygium_buxifolium,Myrtaceae,tree,evergreen,NA,Yakushima,ST2,Onoda Yusuke,112.04507993666667,103.78297810833334,NA,0.29851751654564274,0.7254166666666667,NA,2.7784188491666666,0.926260913616167,NA
Syzygium_jambos,Myrtaceae,tree,evergreen,NA,Yakushima,ST2,Onoda Yusuke,143.9397305,171.5513693,NA,0.4550434198938992,0.377,NA,42.11333333,1.1918277789188998,NA
Tarenna_gracilipes,Rubiaceae,tree,evergreen,NA,Yakushima,ST2,Onoda Yusuke,30.977918120000002,35.05289313,NA,0.1997884910002901,0.17600000000000002,NA,42.521,1.1315445083886742,NA
Ternstroemia_gymnanthera,Theaceae,tree,evergreen,NA,Yakushima,ST2,Onoda Yusuke,164.67231446666668,176.8293262,NA,0.27963043566406603,0.6321666666666667,NA,8.459636363666666,1.0738254743835167,NA
Tetradium_glabrifolium_var_glauca,Rutaceae,tree,deciduous,NA,Yakushima,ST2,Onoda Yusuke,84.27572546666667,98.27152990666667,NA,0.4308117226041204,0.22833333333333333,NA,14.177407599999999,1.166071598464444,NA
Trachelospermum_asiaticum,Apocynaceae,tree,evergreen,NA,Yakushima,ST2,Onoda Yusuke,94.26641176666666,95.82986556666667,NA,0.2638905105979273,0.36483333333333334,NA,11.274837036,1.0165854811984352,NA
Trema_orientalis,Ulmaceae,tree,evergreen,NA,Yakushima,ST2,Onoda Yusuke,95.49296585333333,103.1015553,NA,0.3311038590955763,0.31583333333333335,NA,19.8265,1.0796769623676012,NA
Tripetaleia_paniculata,Ericaceae,tree,deciduous,NA,Yakushima,ST2,Onoda Yusuke,71.68975256499999,65.78938590333334,NA,0.3347956123880953,0.19816666666666666,NA,3.3659666666666666,0.9176958149448643,NA
Tripterygium_doianum,Celastraceae,tree,deciduous,NA,Yakushima,ST2,Onoda Yusuke,60.30486897,62.931401476666665,NA,0.2134908878637736,0.3041666666666667,NA,21.914055553333334,1.0435542361923262,NA
Trochodendron_aralioides,Trochodendraceae,tree,evergreen,NA,Yakushima,ST2,Onoda Yusuke,119.6845172,139.9358073,NA,0.3949190574155841,0.3565,NA,12.48351388975,1.169205596294121,NA
Turpinia_ternata,Staphyleaceae,tree,evergreen,NA,Yakushima,ST2,Onoda Yusuke,98.71426191,100.76001137333333,NA,0.3081062989855584,0.33366666666666667,NA,42.0245,1.0207239503568235,NA
Uncaria_rynchophylla,Rubiaceae,tree,evergreen,NA,Yakushima,ST2,Onoda Yusuke,77.35354647333334,80.22207526333334,NA,0.37622083554964575,0.21366666666666667,NA,22.26523611,1.037083351970021,NA
Vaccinium_bracteatum,Ericaceae,tree,evergreen,NA,Yakushima,ST2,Onoda Yusuke,113.95493922666667,119.63629623333334,NA,0.35644385429618675,0.33616666666666667,NA,6.954488888999999,1.0498561716167998,NA
Vaccinium_yakushimense,Ericaceae,tree,deciduous,NA,Yakushima,ST2,Onoda Yusuke,51.566201559999996,63.25860510333333,NA,0.32070076252693563,0.196,NA,3.7044521366666663,1.2267454881222657,NA
Vernicia_cordata,Euphorbiaceae,tree,deciduous,NA,Yakushima,ST2,Onoda Yusuke,78.26179068333333,89.82845519333333,NA,0.39655686420069025,0.22716666666666668,NA,155.38622222333333,1.1477945292205438,NA
Viburnum urceolatum f. brevifolium,Caprifoliaceae,tree,deciduous,NA,Yakushima,ST2,Onoda Yusuke,64.66783647666666,62.98835977333333,NA,0.22239357778026544,0.31133333333333335,NA,12.670041666666666,0.9740291805813031,NA
Viburnum_furcatum,Caprifoliaceae,tree,deciduous,NA,Yakushima,ST2,Onoda Yusuke,63.98028712,69.39595746,NA,0.26084812855146267,0.2688333333333333,NA,60.65480555333333,1.0846459211701018,NA
Viburnum_odoratissimum_var_awabuki,Caprifoliaceae,tree,evergreen,NA,Yakushima,ST2,Onoda Yusuke,91.92789513666668,121.62807600333333,NA,0.27110896154035263,0.48183333333333334,NA,38.710944446666666,1.323081267361906,NA
Vitex_rotundifolia,Verbenaceae,tree,evergreen,NA,Yakushima,ST2,Onoda Yusuke,92.8955572,90.85032422500001,NA,0.2538138750416276,0.354,NA,9.8816388905,0.9779835221764513,NA
Vitis_ficifolia,Vitaceae,tree,deciduous,NA,Yakushima,ST2,Onoda Yusuke,57.98332886666667,71.71556689333333,NA,0.24705143704256358,0.2906666666666667,NA,66.66344444666666,1.2368307976633095,NA
Vitis_flexuosa,Vitaceae,tree,deciduous,NA,Yakushima,ST2,Onoda Yusuke,40.711834445,49.203505995,NA,0.3326008867083191,0.14825,NA,31.148083335000003,1.2085799292948072,NA
Zanthoxylum_ailanthoides,Rutaceae,tree,deciduous,NA,Yakushima,ST2,Onoda Yusuke,93.32209242249999,99.4175523675,NA,0.3617601178487273,0.275625,NA,35.1096167775,1.0653163660047809,NA
Zanthoxylum_yakumontanum,Rutaceae,tree,deciduous,NA,Yakushima,ST2,Onoda Yusuke,70.983104615,77.74736519666666,NA,0.2948394456810363,0.2725,NA,28.460764310000002,1.095293952248987,NA
Argyreia osyrensis,Convolvulaceae,liana,deciduous,single,Yuanjiang_Savanna,HDS,Chen Yajun,66.58181583382273,81.67515403,0.186672895,0.232692747,0.36816666649999996,0.338111111,127.248,1.2266885936822114,1.2465266958012302
Bauhinia brachycarpa,Leguminosae,shrub,deciduous,single,Yuanjiang_Savanna,HDS,Chen Yajun,71.94811144022799,71.94157202333334,0.3497438093333333,0.39743339433333336,0.1815,0.19566666683333334,27.52916666666667,0.9999091092627207,1.1363557659273624
Bauhinia calciphila,Leguminosae,liana,evergreen,single,Yuanjiang_Savanna,HDS,Chen Yajun,50.880432400646626,71.75916811333333,0.30068416833333333,0.43262463633333337,0.16494444433333333,0.160888889,33.622166666666665,1.410349022749684,1.438800847850869
Bauhinia championii,Leguminosae,liana,evergreen,single,Yuanjiang_Savanna,HDS,Chen Yajun,64.59429894249607,81.694113355,0.271156006,0.33072930866666667,0.24844444433333335,0.22483333316666665,46.52133333333333,1.26472637202436,1.2197012101832871
Bombax ceiba,Malvaceae,tree,deciduous,compound,Yuanjiang_Savanna,HDS,Chen Yajun,118.6547583554835,117.12779271666666,0.3097480516666667,0.3268295938333333,0.35972222216666666,0.36161111116666667,68.767,0.987131020618304,1.0551465685571084
Bridelia stipularis,Phyllanthaceae,liana,deciduous,single,Yuanjiang_Savanna,HDS,Chen Yajun,87.84824656023979,82.706263155,0.41590255266666665,0.43202726216666665,0.19216666666666665,0.1994444445,20.806833333333334,0.9414674326855939,1.0387704028181897
Burretiodendron kydiifolium,Malvaceae,tree,deciduous,single,Yuanjiang_Savanna,HDS,Chen Yajun,83.07820602494301,75.40707109333333,0.3447836886666667,0.3362865901666667,0.2240555555,0.22772222216666665,106.80416666666666,0.9076636906518355,0.9753552770061146
Callicarpa nudiflora,Lamiaceae,shrub,deciduous,single,Yuanjiang_Savanna,HDS,Chen Yajun,71.35185637088641,53.75642296666667,0.3832567221666667,0.302146944,0.18,0.17755555550000002,113.288,0.7533990802879912,0.7883669783842838
Campylotropis delavayi,Leguminosae,shrub,evergreen,compound,Yuanjiang_Savanna,HDS,Chen Yajun,88.44450163134827,91.40146582666667,0.258791853,0.2898038123333333,0.31544444433333335,0.32249999983333333,27.625833333333333,1.0334329906413349,1.1198335997591597
Carissa spinarum,Apocynaceae,shrub,evergreen,single,Yuanjiang_Savanna,HDS,Chen Yajun,141.51120259248822,151.07971081666668,0.3715395636666667,0.39169533916666666,0.38505555533333335,0.3545555555,6.42,1.067616613023444,1.0542493383506342
Cissus repanda,Vitaceae,liana,deciduous,single,Yuanjiang_Savanna,HDS,Chen Yajun,71.15310468228381,100.90448703166666,0.2738742665,0.39850743866666666,0.25205555550000003,0.24477777783333332,124.3925,1.4181318929403028,1.4550744170287595
Diospyros yunnanensis,Ebenaceae,tree,evergreen,single,Yuanjiang_Savanna,HDS,Chen Yajun,135.54865193971108,122.50490535,0.49560191,0.4617062695,0.2655,0.25927777783333333,5.424166666666666,0.9037707391179911,0.931607122942686
Dregea volubilis,Apocynaceae,liana,deciduous,single,Yuanjiang_Savanna,HDS,Chen Yajun,36.76906247805818,60.799669718000004,0.16980156800000001,0.244501197,0.2408333335,0.20516666666666666,170.0072,1.6535550710405524,1.4399230812756687
Falconeria insignis,Euphorbiaceae,tree,deciduous,single,Yuanjiang_Savanna,HDS,Chen Yajun,56.44547969035378,53.996084841666665,0.23051022633333335,0.24210100566666667,0.22249999983333335,0.232388889,87.54883333333333,0.9566060052616454,1.0502831458617037
Ficus racemosa,Moraceae,tree,evergreen,single,Yuanjiang_Savanna,HDS,Chen Yajun,86.05948136104954,80.97882369333333,0.36212766966666665,0.36089058783333333,0.21972222216666668,0.22233333333333333,61.885333333333335,0.940963417541397,0.9965838516717819
Haldina cordifolia,Rubiaceae,tree,deciduous,single,Yuanjiang_Savanna,HDS,Chen Yajun,73.14062157184355,83.226588445,0.22645351366666666,0.2706821568333333,0.3072777778333333,0.3063888888333333,142.32666666666665,1.1378982931290698,1.1953100327326782
Jasminum seguinii,Oleaceae,liana,evergreen,single,Yuanjiang_Savanna,HDS,Chen Yajun,91.02827359024961,77.24107354666667,0.27824030883333334,0.2734834311666667,0.27466666666666667,0.3099444445,22.841833333333334,0.8485393658497359,0.982903707638148
Lannea coromandelica,Anacardiaceae,tree,deciduous,compound,Yuanjiang_Savanna,HDS,Chen Yajun,66.38306414522013,70.95857608166666,0.33551480866666666,0.3237384165,0.2195555555,0.1873333335,40.515166666666666,1.0689258923998612,0.964900529388059
Mangifera indica,Anacardiaceae,tree,evergreen,single,Yuanjiang_Savanna,HDS,Chen Yajun,70.35809792787343,109.12159491666667,0.3575788835,0.5266417886666667,0.20766666683333335,0.185611111,105.36083333333333,1.5509457778197908,1.472798906668846
Maytenus hookeri,Celastraceae,shrub,evergreen,single,Yuanjiang_Savanna,HDS,Chen Yajun,92.81703878943988,76.64839698166666,0.33716228033333334,0.31778355766666666,0.2414444445,0.25955555566666666,8.802333333333333,0.8258009303178419,0.9425240491092063
Melochia corchorifolia,Sterculiaceae,shrub,evergreen,single,Yuanjiang_Savanna,HDS,Chen Yajun,55.054217870135616,75.81998651666667,0.177093633,0.2656432215,0.286,0.2930555556666667,38.78183333333333,1.377187606143353,1.5000156527366517
Murraya exotica,Rutaceae,shrub,evergreen,compound,Yuanjiang_Savanna,HDS,Chen Yajun,103.74838167848468,92.55542648,0.36882134850000003,0.393674117,0.23805555533333334,0.2647222221666667,33.56733333333334,0.8921144116428577,1.0673843002881378
Myriopteron extensum,Apocynaceae,liana,deciduous,single,Yuanjiang_Savanna,HDS,Chen Yajun,48.69416381895047,39.850252311666665,0.21152524,0.19007329916666668,0.20816666666666667,0.2165,110.39016666666667,0.8183784089574613,0.8985844864975294
Olea europaea,Oleaceae,tree,evergreen,single,Yuanjiang_Savanna,HDS,Chen Yajun,165.16265361924138,138.28567998333332,0.388259696,0.353074508,0.3893333333333333,0.40099999999999997,5.545166666666667,0.8372696669195626,0.9093771814007705
Polyalthia cerasoides,Annonaceae,tree,evergreen,single,Yuanjiang_Savanna,HDS,Chen Yajun,65.98556076624804,64.23492225166667,0.38088651616666663,0.4177806615,0.15427777783333332,0.1638333335,43.348,0.9734693697491947,1.096863878786377
Psidium guajava,Myrtaceae?,tree,evergreen,single,Yuanjiang_Savanna,HDS,Chen Yajun,79.69942731339819,88.35378858833333,0.3538496435,0.37202598566666667,0.23766666683333332,0.21494444433333335,33.6265,1.1085874963806706,1.051367416925677
Reinwardtia indica,Linaceae,shrub,evergreen,compound,Yuanjiang_Savanna,HDS,Chen Yajun,118.65475838375393,97.340605355,0.3792114955,0.3068672591666667,0.3157777776666667,0.2955555555,18.692833333333333,0.8203683247171633,0.8092245694241268
Salix myrtillacea,Salicaceae?,shrub,evergreen,single,Yuanjiang_Savanna,HDS,Chen Yajun,70.9543529919143,80.39141825833333,0.27894677533333334,0.3290909595,0.24433333333333335,0.23966666666666667,15.073833333333333,1.1330019212139733,1.1797625518586685
Strophioblachia fimbricalyx,Euphorbiaceae,shrub,deciduous,single,Yuanjiang_Savanna,HDS,Chen Yajun,65.19055401007076,62.93616293833333,0.31255059733333335,0.29022054166666666,0.21949999983333335,0.19727777766666668,104.56266666666667,0.9654184397422185,0.9285553895683271
Tarenna depauperata,Rubiaceae,shrub,evergreen,single,Yuanjiang_Savanna,HDS,Chen Yajun,87.649494875171,138.43601871666667,0.29740120016666666,0.4297996325,0.321611111,0.2794444443333333,77.71733333333333,1.5794274560717665,1.445184593267061
Terminalia franchetii,Combretaceae,tree,deciduous,single,Yuanjiang_Savanna,HDS,Chen Yajun,84.07196446972289,89.68322369833334,0.42370263383333334,0.4817578611666667,0.18605555566666665,0.18677777783333332,42.015,1.0667435245982773,1.137018802097345
Trema angustifolia,Cannabaceae,tree,deciduous,single,Yuanjiang_Savanna,HDS,Chen Yajun,44.12287497225629,54.08225651666667,0.24101301583333334,0.3176278278333333,0.17122222233333334,0.17316666666666666,14.7195,1.225719234086008,1.3178866159368798
Trigonostemon tuberculatus,Euphorbiaceae,shrub,evergreen,single,Yuanjiang_Savanna,HDS,Chen Yajun,31.8002702488581,58.062767705,0.13988072466666668,0.277227799,0.21072222216666667,0.21433333333333332,92.46666666666667,1.825857681416558,1.9818870660030465
Woodfordia fruticosa,Lythraceae,shrub,deciduous,single,Yuanjiang_Savanna,HDS,Chen Yajun,93.41329385524764,103.19935878166666,0.28832662233333334,0.337025476,0.30683333333333335,0.3058888888333333,25.405333333333335,1.1047609448563436,1.1689016895927358
